title,company,salary,location,link
Graphics Software Engineer - (4 years experience req),"Scalable Display Technologies, Inc",120500.0,"Cambridge, MA","https://www.glassdoor.com/job-listing/graphics-software-engineer-4-years-experience-req-scalable-display-technologies-inc-JV_IC1154545_KO0,49_KE50,83.htm?jl=1009508930184"
"Principal, Full Stack Engineer",Fidelity Investments,Not available,"Boston, MA","https://www.glassdoor.com/job-listing/principal-full-stack-engineer-fidelity-investments-JV_IC1154532_KO0,29_KE30,50.htm?jl=1009523338873"
Principal Full Stack Software Engineer,Fidelity Investments,Not available,"Boston, MA","https://www.glassdoor.com/job-listing/principal-full-stack-software-engineer-fidelity-investments-JV_IC1154532_KO0,38_KE39,59.htm?jl=1009523338868"
Principal Software Engineer,Liberty Mutual,167500.0,"Boston, MA","https://www.glassdoor.com/job-listing/principal-software-engineer-liberty-mutual-JV_IC1154532_KO0,27_KE28,42.htm?jl=1009480736715"
"Senior Software Engineer, Back End",Capital One,Not available,"Cambridge, MA","https://www.glassdoor.com/job-listing/senior-software-engineer-back-end-capital-one-JV_IC1154545_KO0,33_KE34,45.htm?jl=1009465065560"
Software Engineer,"Aware, Inc.",110500.0,"Burlington, MA","https://www.glassdoor.com/job-listing/software-engineer-aware-inc-JV_IC1154543_KO0,17_KE18,27.htm?jl=1009495486077"
Lead Machine Learning Engineer,Capital One,Not available,"Cambridge, MA","https://www.glassdoor.com/job-listing/lead-machine-learning-engineer-capital-one-JV_IC1154545_KO0,30_KE31,42.htm?jl=1009480420401"
"Senior Manager, Software Engineering, Back End",Capital One,Not available,"Cambridge, MA","https://www.glassdoor.com/job-listing/senior-manager-software-engineering-back-end-capital-one-JV_IC1154545_KO0,44_KE45,56.htm?jl=1009533481725"
Python Developer,Business Integra,104000.0,"Boston, MA","https://www.glassdoor.com/job-listing/python-developer-business-integra-JV_IC1154532_KO0,16_KE17,33.htm?jl=1009542278684"
Software Engineer,Anarust Inc.,Not available,"Boston, MA","https://www.glassdoor.com/job-listing/software-engineer-anarust-inc-JV_IC1154532_KO0,17_KE18,29.htm?jl=1009550506708"
Full Stack Software Engineer,Motion Recruitment,Not available,"Boston, MA","https://www.glassdoor.com/job-listing/full-stack-software-engineer-motion-recruitment-JV_IC1154532_KO0,28_KE29,47.htm?jl=1009541863289"
Java Developer,Intone Networks,103000.0,"Boston, MA","https://www.glassdoor.com/job-listing/java-developer-intone-networks-JV_IC1154532_KO0,14_KE15,30.htm?jl=1009550211176"
C++ Developer,Capgemini Engineering USA,130000.0,"Waltham, MA","https://www.glassdoor.com/job-listing/c-developer-capgemini-engineering-usa-JV_IC1154703_KO0,11_KE12,37.htm?jl=1009535010482"
Software Developer,CABEM Technologies,Not available,"Auburndale, MA","https://www.glassdoor.com/job-listing/software-developer-cabem-technologies-JV_IC1154523_KO0,18_KE19,37.htm?jl=1007755195433"
"Senior Manager, Software Engineering, Full Stack",Capital One,Not available,"Cambridge, MA","https://www.glassdoor.com/job-listing/senior-manager-software-engineering-full-stack-capital-one-JV_IC1154545_KO0,46_KE47,58.htm?jl=1009511281653"
"Quantitative Developer, Associate",Arrowstreet Capital,133000.0,"Boston, MA","https://www.glassdoor.com/job-listing/quantitative-developer-associate-arrowstreet-capital-JV_IC1154532_KO0,32_KE33,52.htm?jl=1009463844000"
"Associate Staff Engineer, IOT",Nagarro,124000.0,"Boston, MA","https://www.glassdoor.com/job-listing/associate-staff-engineer-iot-nagarro-JV_IC1154532_KO0,28_KE29,36.htm?jl=1009013232015"
R&D Engineer II - Circuit Solver Team - Remote,Ansys,Not available,"Waltham, MA","https://www.glassdoor.com/job-listing/rd-engineer-ii-circuit-solver-team-remote-ansys-JV_IC1154703_KO0,41_KE42,47.htm?jl=1009525640435"
Snowflake & Azure Cloud Engineer,Infosys,Not available,"Boston, MA","https://www.glassdoor.com/job-listing/snowflake-azure-cloud-engineer-infosys-JV_IC1154532_KO0,30_KE31,38.htm?jl=1009549733411"
Co-op - Frontend Engineer,Lendbuzz,105500.0,"Boston, MA","https://www.glassdoor.com/job-listing/co-op-frontend-engineer-lendbuzz-JV_IC1154532_KO0,23_KE24,32.htm?jl=1009551742625"
Software Engineer,Cogo Labs,137000.0,"Cambridge, MA","https://www.glassdoor.com/job-listing/software-engineer-cogo-labs-JV_IC1154545_KO0,17_KE18,27.htm?jl=1009489668886"
Über C# dev,Window Book,Not available,"Cambridge, MA","https://www.glassdoor.com/job-listing/%C3%BCber-c-dev-window-book-JV_IC1154545_KO0,10_KE11,22.htm?jl=1006187164381"
"Senior Software Engineer, Full Stack",Capital One,Not available,"Cambridge, MA","https://www.glassdoor.com/job-listing/senior-software-engineer-full-stack-capital-one-JV_IC1154545_KO0,35_KE36,47.htm?jl=1009535046238"
Website Developer,Immerse Agency,72800.0,"Canton, MA","https://www.glassdoor.com/job-listing/website-developer-immerse-agency-JV_IC1154546_KO0,17_KE18,32.htm?jl=1009536759744"
Associate Developer,IMP Implementation Management Professionals,96500.0,"Boston, MA","https://www.glassdoor.com/job-listing/associate-developer-imp-implementation-management-professionals-JV_IC1154532_KO0,19_KE20,63.htm?jl=1007043229168"
UI Developer,Anderson and Partners,107000.0,"Boston, MA","https://www.glassdoor.com/job-listing/ui-developer-anderson-and-partners-JV_IC1154532_KO0,12_KE13,34.htm?jl=1006555111149"
Staff Software Engineer,HubSpot,273500.0,"Cambridge, MA","https://www.glassdoor.com/job-listing/staff-software-engineer-hubspot-JV_IC1154545_KO0,23_KE24,31.htm?jl=1009537195421"
Junior IICS Developer,Zenith Services,Not available,"Boston, MA","https://www.glassdoor.com/job-listing/junior-iics-developer-zenith-services-JV_IC1154532_KO0,21_KE22,37.htm?jl=1009473491612"
Java Full Stack Lead,Infosys,98000.0,"Boston, MA","https://www.glassdoor.com/job-listing/java-full-stack-lead-infosys-JV_IC1154532_KO0,20_KE21,28.htm?jl=1009534015976"
"Software Engineer (Web, Growth)",WHOOP,Not available,"Boston, MA","https://www.glassdoor.com/job-listing/software-engineer-web-growth-whoop-JV_IC1154532_KO0,28_KE29,34.htm?jl=1009501395117"
"Solutions Engineer, Software",Liberty Mutual,166500.0,"Boston, MA","https://www.glassdoor.com/job-listing/solutions-engineer-software-liberty-mutual-JV_IC1154532_KO0,27_KE28,42.htm?jl=1009515733934"
QMS Software Validation Engineer,Philips,121000.0,"Cambridge, MA","https://www.glassdoor.com/job-listing/qms-software-validation-engineer-philips-JV_IC1154545_KO0,32_KE33,40.htm?jl=1009542196218"
"Senior Full-Stack Engineer (Boston, MA)",Motion Recruitment,140000.0,"Boston, MA","https://www.glassdoor.com/job-listing/senior-full-stack-engineer-boston-ma-motion-recruitment-JV_IC1154532_KO0,36_KE37,55.htm?jl=1009523010972"
"Lead Software Development Engineer, Android Apps Team",Amazon.com,141500.0,"Cambridge, MA","https://www.glassdoor.com/job-listing/lead-software-development-engineer-android-apps-team-amazon-com-JV_IC1154545_KO0,52_KE53,63.htm?jl=1009533980036"
Global IT Software Engineer Director & Chapter Lead- Gen AI/LLM,Boston Consulting Group,Not available,"Boston, MA","https://www.glassdoor.com/job-listing/global-it-software-engineer-director-chapter-lead-gen-ai-llm-boston-consulting-group-JV_IC1154532_KO0,60_KE61,84.htm?jl=1009526962804"
Founding iOS Engineer,Motion Recruitment,110000.0,"Boston, MA","https://www.glassdoor.com/job-listing/founding-ios-engineer-motion-recruitment-JV_IC1154532_KO0,21_KE22,40.htm?jl=1009549943817"
Global IT Software Engineer Senior Manager - GenAI,Boston Consulting Group,Not available,"Boston, MA","https://www.glassdoor.com/job-listing/global-it-software-engineer-senior-manager-genai-boston-consulting-group-JV_IC1154532_KO0,48_KE49,72.htm?jl=1009526962799"
Regional Deployment Manager,Impulse Strategic Solutions,74000.0,United States,"https://www.glassdoor.com/job-listing/regional-deployment-manager-impulse-strategic-solutions-JV_KO0,27_KE28,55.htm?jl=1009541814230"
Senior Software Engineer,"Red Hat, Inc.",169500.0,"Boston, MA","https://www.glassdoor.com/job-listing/senior-software-engineer-red-hat-inc-JV_IC1154532_KO0,24_KE25,36.htm?jl=1009551393855"
Database Developer,"E-Technology Services, LLC",100000.0,"Wakefield, MA","https://www.glassdoor.com/job-listing/database-developer-e-technology-services-llc-JV_IC1154701_KO0,18_KE19,44.htm?jl=1009524919662"
Programmer,Harvard University,Not available,"Boston, MA","https://www.glassdoor.com/job-listing/programmer-harvard-university-JV_IC1154532_KO0,10_KE11,29.htm?jl=1009534018054"
Software Engineer,Molten Cloud,Not available,"Cambridge, MA","https://www.glassdoor.com/job-listing/software-engineer-molten-cloud-JV_IC1154545_KO0,17_KE18,30.htm?jl=1009504412463"
Full Stack Developer,Intone Networks,108000.0,"Quincy, MA","https://www.glassdoor.com/job-listing/full-stack-developer-intone-networks-JV_IC1154667_KO0,20_KE21,36.htm?jl=1009497462029"
"Associate Manager, Software Engineering","Red Hat, Inc.",192000.0,"Boston, MA","https://www.glassdoor.com/job-listing/associate-manager-software-engineering-red-hat-inc-JV_IC1154532_KO0,38_KE39,50.htm?jl=1009539078342"
.NET / C+ Developer June 2020,VASS IT,77500.0,"Boston, MA","https://www.glassdoor.com/job-listing/net-c-developer-june-2020-vass-it-JV_IC1154532_KO0,25_KE26,33.htm?jl=1009348593491"
Northeastern University Software Engineer - Application Development Co-op,Bracebridge Capital,Not available,"Boston, MA","https://www.glassdoor.com/job-listing/northeastern-university-software-engineer-application-development-co-op-bracebridge-capital-JV_IC1154532_KO0,71_KE72,91.htm?jl=1009437664580"
Staff Software Engineer,Wistia,Not available,"Cambridge, MA","https://www.glassdoor.com/job-listing/staff-software-engineer-wistia-JV_IC1154545_KO0,23_KE24,30.htm?jl=1009505696057"
APP Developer (Contract),Barton & Gray LLC,130000.0,"Boston, MA","https://www.glassdoor.com/job-listing/app-developer-contract-barton-gray-llc-JV_IC1154532_KO0,22_KE23,38.htm?jl=1009448522470"
SW QMS Specialist,Dew Software,140400.0,"Boston, MA","https://www.glassdoor.com/job-listing/sw-qms-specialist-dew-software-JV_IC1154532_KO0,17_KE18,30.htm?jl=1009549700892"
SENIOR FRONT END DEVELOPER,Pixels 360,Not available,"Boston, MA","https://www.glassdoor.com/job-listing/senior-front-end-developer-pixels-360-JV_IC1154532_KO0,26_KE27,37.htm?jl=1009034274279"
Software Engineer – Applications,Oneiro,118000.0,"Boston, MA","https://www.glassdoor.com/job-listing/software-engineer-applications-oneiro-JV_IC1154532_KO0,30_KE31,37.htm?jl=1007158863770"
Application Developer,MA Gaming Commission,81500.0,"Boston, MA","https://www.glassdoor.com/job-listing/application-developer-ma-gaming-commission-JV_IC1154532_KO0,21_KE22,42.htm?jl=1009425410567"
Software Engineer,Snyk,108500.0,"Boston, MA","https://www.glassdoor.com/job-listing/software-engineer-snyk-JV_IC1154532_KO0,17_KE18,22.htm?jl=1009540589622"
Software Engineer,MathWorks,107000.0,"Natick, MA","https://www.glassdoor.com/job-listing/software-engineer-mathworks-JV_IC1154630_KO0,17_KE18,27.htm?jl=1009536892178"
Director of Release Management and Software Quality,Cohere Health,177500.0,"Boston, MA","https://www.glassdoor.com/job-listing/director-of-release-management-and-software-quality-cohere-health-JV_IC1154532_KO0,51_KE52,65.htm?jl=1009519409226"
iOS Application Engineer,Bose,118000.0,"Framingham, MA","https://www.glassdoor.com/job-listing/ios-application-engineer-bose-JV_IC1154571_KO0,24_KE25,29.htm?jl=1009471099213"
"Software Engineers Cambridge, MA",Dimensional Insight,83000.0,"Cambridge, MA","https://www.glassdoor.com/job-listing/software-engineers-cambridge-ma-dimensional-insight-JV_IC1154545_KO0,31_KE32,51.htm?jl=1009362361094"
"Software Engineer, Android","Vivint, Inc.",120000.0,"Boston, MA","https://www.glassdoor.com/job-listing/software-engineer-android-vivint-inc-JV_IC1154532_KO0,25_KE26,36.htm?jl=1009543418015"
Android Engineer,"Hydrow, Inc.",113500.0,"Boston, MA","https://www.glassdoor.com/job-listing/android-engineer-hydrow-inc-JV_IC1154532_KO0,16_KE17,27.htm?jl=1009477516410"
FedNow Sr DevOps Engineer,Federal Reserve Bank of Boston,136000.0,"Boston, MA","https://www.glassdoor.com/job-listing/fednow-sr-devops-engineer-federal-reserve-bank-of-boston-JV_IC1154532_KO0,25_KE26,56.htm?jl=1009543534552"
"Solutions Engineer, Software",Liberty Mutual,190000.0,"Boston, MA","https://www.glassdoor.com/job-listing/solutions-engineer-software-liberty-mutual-JV_IC1154532_KO0,27_KE28,42.htm?jl=1009528022321"
"Senior Software Engineer, Servicing Platforms (Full Stack)",Capital One,Not available,"Cambridge, MA","https://www.glassdoor.com/job-listing/senior-software-engineer-servicing-platforms-full-stack-capital-one-JV_IC1154545_KO0,55_KE56,67.htm?jl=1009483949438"
"Lab Automation Engineer III, Field Service",Thermo Fisher Scientific,100000.0,"Cambridge, MA","https://www.glassdoor.com/job-listing/lab-automation-engineer-iii-field-service-thermo-fisher-scientific-JV_IC1154545_KO0,41_KE42,66.htm?jl=1009550114756"
R&D Engineer II - Circuit Solver Team - Remote,Ansys,Not available,"Woburn, MA","https://www.glassdoor.com/job-listing/rd-engineer-ii-circuit-solver-team-remote-ansys-JV_IC1154729_KO0,41_KE42,47.htm?jl=1009525640401"
"Lead Software Engineer, Back End",Capital One,Not available,"Cambridge, MA","https://www.glassdoor.com/job-listing/lead-software-engineer-back-end-capital-one-JV_IC1154545_KO0,31_KE32,43.htm?jl=1009465065401"
Senior Developer Mentor,Outlier Ai,62400.0,Massachusetts,"https://www.glassdoor.com/job-listing/senior-developer-mentor-outlier-ai-JV_KO0,23_KE24,34.htm?jl=1009521894657"
Lead Cloud Engineer (RapidScale),Cox Communications,156500.0,United States,"https://www.glassdoor.com/job-listing/lead-cloud-engineer-rapidscale-cox-communications-JV_KO0,30_KE31,49.htm?jl=1009497778161"
Software Engineer I - Electrophysiology,Boston Scientific Corporation,110000.0,"Waltham, MA","https://www.glassdoor.com/job-listing/software-engineer-i-electrophysiology-boston-scientific-corporation-JV_IC1154703_KO0,37_KE38,67.htm?jl=1009539611034"
"Java Software Engineer, Outbound Runtime",Pegasystems,104000.0,"Waltham, MA","https://www.glassdoor.com/job-listing/java-software-engineer-outbound-runtime-pegasystems-JV_IC1154703_KO0,39_KE40,51.htm?jl=1009444540099"
.Net Developer,Advanced technology Group Inc,106500.0,"Boston, MA","https://www.glassdoor.com/job-listing/net-developer-advanced-technology-group-inc-JV_IC1154532_KO0,13_KE14,43.htm?jl=1008402747123"
Senior Software Engineer,"Red Hat, Inc.",169500.0,"Boston, MA","https://www.glassdoor.com/job-listing/senior-software-engineer-red-hat-inc-JV_IC1154532_KO0,24_KE25,36.htm?jl=1009549778533"
"Software Engineer, Portfolio Management Engineering",Arrowstreet Capital,155500.0,"Boston, MA","https://www.glassdoor.com/job-listing/software-engineer-portfolio-management-engineering-arrowstreet-capital-JV_IC1154532_KO0,50_KE51,70.htm?jl=1009458847670"
"JavaScript Developer with Restful JSON APIs & Python - C72164 6.5 Boston, MA",CapB InfoteK,Not available,"Boston, MA","https://www.glassdoor.com/job-listing/javascript-developer-with-restful-json-apis-python-c72164-65-boston-ma-capb-infotek-JV_IC1154532_KO0,70_KE71,83.htm?jl=1006938660649"
"Software Developer I, MS C#, .net","enLabel Global Services, Inc",99000.0,"Boston, MA","https://www.glassdoor.com/job-listing/software-developer-i-ms-c-net-enlabel-global-services-inc-JV_IC1154532_KO0,29_KE30,57.htm?jl=1008704790282"
Senior Fullstack Developer,Arrowstreet Capital,Not available,"Boston, MA","https://www.glassdoor.com/job-listing/senior-fullstack-developer-arrowstreet-capital-JV_IC1154532_KO0,26_KE27,46.htm?jl=1009367463302"
"Sr. Machine Learning Engineer II, AI Agent",HubSpot,142500.0,"Cambridge, MA","https://www.glassdoor.com/job-listing/sr-machine-learning-engineer-ii-ai-agent-hubspot-JV_IC1154545_KO0,40_KE41,48.htm?jl=1009549580272"
Software Engineer (Back end),Broad Institute,107500.0,"Cambridge, MA","https://www.glassdoor.com/job-listing/software-engineer-back-end-broad-institute-JV_IC1154545_KO0,26_KE27,42.htm?jl=1009519349791"
Diagnostic Software Engineer,Lextel,122000.0,"Boston, MA","https://www.glassdoor.com/job-listing/diagnostic-software-engineer-lextel-JV_IC1154532_KO0,28_KE29,35.htm?jl=1006292335706"
Staff Engineer,Robin Powered,149000.0,"Boston, MA","https://www.glassdoor.com/job-listing/staff-engineer-robin-powered-JV_IC1154532_KO0,14_KE15,28.htm?jl=1009535505543"
Java or C# with oAuth DDA / FDX API developer,CapB InfoteK,113500.0,"Boston, MA","https://www.glassdoor.com/job-listing/java-or-c-with-oauth-dda-fdx-api-developer-capb-infotek-JV_IC1154532_KO0,42_KE43,55.htm?jl=1006778961848"
Embedded Engineer-Assistant Staff,MIT Lincoln Laboratory,Not available,"Lexington, MA","https://www.glassdoor.com/job-listing/embedded-engineer-assistant-staff-mit-lincoln-laboratory-JV_IC1154599_KO0,33_KE34,56.htm?jl=1009477033422"
Quantum Software Engineer,MIT Lincoln Laboratory,118500.0,"Lexington, MA","https://www.glassdoor.com/job-listing/quantum-software-engineer-mit-lincoln-laboratory-JV_IC1154599_KO0,25_KE26,48.htm?jl=1009495558119"
Senior Data Programmer Analyst,Dana-Farber Cancer Institute,Not available,"Boston, MA","https://www.glassdoor.com/job-listing/senior-data-programmer-analyst-dana-farber-cancer-institute-JV_IC1154532_KO0,30_KE31,59.htm?jl=1009508896215"
Application Developer,ENOVIA,118500.0,"Waltham, MA","https://www.glassdoor.com/job-listing/application-developer-enovia-JV_IC1154703_KO0,21_KE22,28.htm?jl=1009543596609"
Principal Software Engineer,"Red Hat, Inc.",216500.0,"Boston, MA","https://www.glassdoor.com/job-listing/principal-software-engineer-red-hat-inc-JV_IC1154532_KO0,27_KE28,39.htm?jl=1009551393861"
Senior Java Developer,Intone Networks,139000.0,"Boston, MA","https://www.glassdoor.com/job-listing/senior-java-developer-intone-networks-JV_IC1154532_KO0,21_KE22,37.htm?jl=1009536525649"
"Software Engineer, Training",Rover,Not available,"Boston, MA","https://www.glassdoor.com/job-listing/software-engineer-training-rover-JV_IC1154532_KO0,26_KE27,32.htm?jl=1009347950191"
UX/Accessibility Software Engineer,PlatformQ Health,106000.0,"Needham, MA","https://www.glassdoor.com/job-listing/ux-accessibility-software-engineer-platformq-health-JV_IC1154631_KO0,34_KE35,51.htm?jl=1007551603200"
Senior Backend Software Engineer (Boston),Lendbuzz,157500.0,"Boston, MA","https://www.glassdoor.com/job-listing/senior-backend-software-engineer-boston-lendbuzz-JV_IC1154532_KO0,39_KE40,48.htm?jl=1009451767615"
Mainframe Developer DB2 Cobol,CapB InfoteK,101500.0,"Boston, MA","https://www.glassdoor.com/job-listing/mainframe-developer-db2-cobol-capb-infotek-JV_IC1154532_KO0,29_KE30,42.htm?jl=1007113391484"
"Developer, Worksite Technology",MassMutual,163000.0,"Boston, MA","https://www.glassdoor.com/job-listing/developer-worksite-technology-massmutual-JV_IC1154532_KO0,29_KE30,40.htm?jl=1009485692827"
"Senior Software Engineer, DevOps",Capital One,Not available,"Cambridge, MA","https://www.glassdoor.com/job-listing/senior-software-engineer-devops-capital-one-JV_IC1154545_KO0,31_KE32,43.htm?jl=1009483949449"
Software Engineer/C++/Boston,Motion Recruitment,95000.0,"Boston, MA","https://www.glassdoor.com/job-listing/software-engineer-c-boston-motion-recruitment-JV_IC1154532_KO0,26_KE27,45.htm?jl=1009527714652"
Lead Software Engineer,Capital One,Not available,"Cambridge, MA","https://www.glassdoor.com/job-listing/lead-software-engineer-capital-one-JV_IC1154545_KO0,22_KE23,34.htm?jl=1009539628359"
Sr Software Engineer,Alexander Technology Group,135000.0,"Boston, MA","https://www.glassdoor.com/job-listing/sr-software-engineer-alexander-technology-group-JV_IC1154532_KO0,20_KE21,47.htm?jl=1009532308057"
Electrical IoT Embedded C Developer,Motion Recruitment,117500.0,"Boston, MA","https://www.glassdoor.com/job-listing/electrical-iot-embedded-c-developer-motion-recruitment-JV_IC1154532_KO0,35_KE36,54.htm?jl=1009523337478"
Oracle Hyperion EPM Developer,ManTech,Not available,United States,"https://www.glassdoor.com/job-listing/oracle-hyperion-epm-developer-mantech-JV_KO0,29_KE30,37.htm?jl=1009536807292"
usiness Analyst - API Gateway,CapB InfoteK,103500.0,"Boston, MA","https://www.glassdoor.com/job-listing/usiness-analyst-api-gateway-capb-infotek-JV_IC1154532_KO0,27_KE28,40.htm?jl=1006524843253"
Statistical Analyst/Programmer,Harvard University,Not available,"Boston, MA","https://www.glassdoor.com/job-listing/statistical-analyst-programmer-harvard-university-JV_IC1154532_KO0,30_KE31,49.htm?jl=1009534018243"
Principal Application Developer,Federal Reserve Bank of Boston,Not available,"Boston, MA","https://www.glassdoor.com/job-listing/principal-application-developer-federal-reserve-bank-of-boston-JV_IC1154532_KO0,31_KE32,62.htm?jl=1009526399967"
Software Support Associate,"Peabody Properties, Inc.",Not available,"Braintree, MA","https://www.glassdoor.com/job-listing/software-support-associate-peabody-properties-inc-JV_IC1154535_KO0,26_KE27,49.htm?jl=1009544563465"
Hadoop Developer,Zenith Services,104000.0,"Boston, MA","https://www.glassdoor.com/job-listing/hadoop-developer-zenith-services-JV_IC1154532_KO0,16_KE17,32.htm?jl=1009542274266"
Software Developer,VividCloud,105000.0,"Boston, MA","https://www.glassdoor.com/job-listing/software-developer-vividcloud-JV_IC1154532_KO0,18_KE19,29.htm?jl=1009423475139"
Application Developer,Aquila Technology,102500.0,"Lexington, MA","https://www.glassdoor.com/job-listing/application-developer-aquila-technology-JV_IC1154599_KO0,21_KE22,39.htm?jl=1009543972716"
Software Engineer,MathWorks,107000.0,"Natick, MA","https://www.glassdoor.com/job-listing/software-engineer-mathworks-JV_IC1154630_KO0,17_KE18,27.htm?jl=1008491742264"
Software Quality Engineer,"Red Hat, Inc.",121000.0,"Boston, MA","https://www.glassdoor.com/job-listing/software-quality-engineer-red-hat-inc-JV_IC1154532_KO0,25_KE26,37.htm?jl=1009550144929"
Software Engineer,CAE Solutions Corporation,108500.0,"Burlington, MA","https://www.glassdoor.com/job-listing/software-engineer-cae-solutions-corporation-JV_IC1154543_KO0,17_KE18,43.htm?jl=1005707186511"
Senior Software Engineer (AI-Based IDE Plugins),"Red Hat, Inc.",169500.0,"Boston, MA","https://www.glassdoor.com/job-listing/senior-software-engineer-ai-based-ide-plugins-red-hat-inc-JV_IC1154532_KO0,45_KE46,57.htm?jl=1009550144938"
Programmer Analyst,Massachusetts General Hospital(MGH),Not available,"Boston, MA","https://www.glassdoor.com/job-listing/programmer-analyst-massachusetts-general-hospital-mgh-JV_IC1154532_KO0,18_KE19,53.htm?jl=1009498515626"
FedNow Principal Site Reliability Engineer,Federal Reserve Bank of Boston,160500.0,"Boston, MA","https://www.glassdoor.com/job-listing/fednow-principal-site-reliability-engineer-federal-reserve-bank-of-boston-JV_IC1154532_KO0,42_KE43,73.htm?jl=1009543534589"
DevOps/Java Engineer,Intone Networks,107000.0,"Boston, MA","https://www.glassdoor.com/job-listing/devops-java-engineer-intone-networks-JV_IC1154532_KO0,20_KE21,36.htm?jl=1009538319482"
Automation Engineer,MIT,102500.0,"Cambridge, MA","https://www.glassdoor.com/job-listing/automation-engineer-mit-JV_IC1154545_KO0,19_KE20,23.htm?jl=1009293113886"
Senior Cloud Engineer,Arrowstreet Capital,Not available,"Boston, MA","https://www.glassdoor.com/job-listing/senior-cloud-engineer-arrowstreet-capital-JV_IC1154532_KO0,21_KE22,41.htm?jl=1009541523563"
Software Engineer - Java,Veeva Systems,155000.0,"Boston, MA","https://www.glassdoor.com/job-listing/software-engineer-java-veeva-systems-JV_IC1154532_KO0,22_KE23,36.htm?jl=1009007686540"
Software Engineer,"Red Hat, Inc.",135000.0,"Boston, MA","https://www.glassdoor.com/job-listing/software-engineer-red-hat-inc-JV_IC1154532_KO0,17_KE18,29.htm?jl=1009550144912"
Senior Software Engineer - Front End,Veeva Systems,190000.0,"Boston, MA","https://www.glassdoor.com/job-listing/senior-software-engineer-front-end-veeva-systems-JV_IC1154532_KO0,34_KE35,48.htm?jl=1007769265633"
Application Development Team Manager/Team Lead,MIT Lincoln Laboratory,Not available,"Lexington, MA","https://www.glassdoor.com/job-listing/application-development-team-manager-team-lead-mit-lincoln-laboratory-JV_IC1154599_KO0,46_KE47,69.htm?jl=1009458356789"
Software Quality Assurance Engineer,LifeYield,95500.0,"Boston, MA","https://www.glassdoor.com/job-listing/software-quality-assurance-engineer-lifeyield-JV_IC1154532_KO0,35_KE36,45.htm?jl=1009405689633"
DevOps Architect,Incubation Systems Private Limited,172640.0,"Boston, MA","https://www.glassdoor.com/job-listing/devops-architect-incubation-systems-private-limited-JV_IC1154532_KO0,16_KE17,51.htm?jl=1009542026008"
"Lead Software Engineer, Full Stack",Capital One,Not available,"Boston, MA","https://www.glassdoor.com/job-listing/lead-software-engineer-full-stack-capital-one-JV_IC1154532_KO0,33_KE34,45.htm?jl=1009468448260"
Global IT GenAI Software Engineer Director & Chapter Lead,Boston Consulting Group,Not available,"Boston, MA","https://www.glassdoor.com/job-listing/global-it-genai-software-engineer-director-chapter-lead-boston-consulting-group-JV_IC1154532_KO0,55_KE56,79.htm?jl=1009526962783"
Principal UI Engineer (Angular),Motion Recruitment,160000.0,"Boston, MA","https://www.glassdoor.com/job-listing/principal-ui-engineer-angular-motion-recruitment-JV_IC1154532_KO0,29_KE30,48.htm?jl=1009514050968"
Principal Software Engineers,Berkshire Grey,167500.0,"Bedford, MA","https://www.glassdoor.com/job-listing/principal-software-engineers-berkshire-grey-JV_IC1154527_KO0,28_KE29,43.htm?jl=1009511178892"
Website Manager,Everett Public Schools,60500.0,"Everett, MA","https://www.glassdoor.com/job-listing/website-manager-everett-public-schools-JV_IC1154569_KO0,15_KE16,38.htm?jl=1009274575431"
"Senior Software Engineer, Backend (Trip Processing)",Cambridge Mobile Telematics,120500.0,"Cambridge, MA","https://www.glassdoor.com/job-listing/senior-software-engineer-backend-trip-processing-cambridge-mobile-telematics-JV_IC1154545_KO0,48_KE49,76.htm?jl=1009478973996"
"Sr. Full Stack Java 8 with AWS, Container Docker Kubernetes A_60",CapB InfoteK,124800.0,"Boston, MA","https://www.glassdoor.com/job-listing/sr-full-stack-java-8-with-aws-container-docker-kubernetes-a-60-capb-infotek-JV_IC1154532_KO0,62_KE63,75.htm?jl=1006829615366"
Accelerated Learning Software Developer,MIT Lincoln Laboratory,Not available,"Lexington, MA","https://www.glassdoor.com/job-listing/accelerated-learning-software-developer-mit-lincoln-laboratory-JV_IC1154599_KO0,39_KE40,62.htm?jl=1009117785561"
Creative Developer,Sosolimited,Not available,"Boston, MA","https://www.glassdoor.com/job-listing/creative-developer-sosolimited-JV_IC1154532_KO0,18_KE19,30.htm?jl=1006690112399"
Oracle Database Developer,Zenith Services,114670.4,"Boston, MA","https://www.glassdoor.com/job-listing/oracle-database-developer-zenith-services-JV_IC1154532_KO0,25_KE26,41.htm?jl=1009375740848"
Software Engineer,SoftInWay Inc.,114500.0,"Boston, MA","https://www.glassdoor.com/job-listing/software-engineer-softinway-inc-JV_IC1154532_KO0,17_KE18,31.htm?jl=1009509265498"
Developer Advocate (Game Development),JetBrains,124500.0,"Boston, MA","https://www.glassdoor.com/job-listing/developer-advocate-game-development-jetbrains-JV_IC1154532_KO0,35_KE36,45.htm?jl=1009551007520"
Senior Software Quality Engineer,"Red Hat, Inc.",151500.0,"Boston, MA","https://www.glassdoor.com/job-listing/senior-software-quality-engineer-red-hat-inc-JV_IC1154532_KO0,32_KE33,44.htm?jl=1009551393771"
Release Manager,COMTECH TELECOMMUNICATIONS,142000.0,"Stoughton, MA","https://www.glassdoor.com/job-listing/release-manager-comtech-telecommunications-JV_IC1154691_KO0,15_KE16,42.htm?jl=1009400940923"
Software Developer,DAG Consulting,95000.0,"Boston, MA","https://www.glassdoor.com/job-listing/software-developer-dag-consulting-JV_IC1154532_KO0,18_KE19,33.htm?jl=1005803481530"
Mission Critical Software Engineer 1,Draper,115500.0,"Cambridge, MA","https://www.glassdoor.com/job-listing/mission-critical-software-engineer-1-draper-JV_IC1154545_KO0,36_KE37,43.htm?jl=1009550075256"
Senior Software Developer,NetCapital,116000.0,"Boston, MA","https://www.glassdoor.com/job-listing/senior-software-developer-netcapital-JV_IC1154532_KO0,25_KE26,36.htm?jl=1008401144790"
Senior Software Quality Engineer,"Red Hat, Inc.",151500.0,"Boston, MA","https://www.glassdoor.com/job-listing/senior-software-quality-engineer-red-hat-inc-JV_IC1154532_KO0,32_KE33,44.htm?jl=1009551393890"
"Senior Software Engineer (Backend, Connectivity)",WHOOP,107500.0,"Boston, MA","https://www.glassdoor.com/job-listing/senior-software-engineer-backend-connectivity-whoop-JV_IC1154532_KO0,45_KE46,51.htm?jl=1009480737509"
"Senior Software Engineer (Backend, Growth)",WHOOP,139500.0,"Boston, MA","https://www.glassdoor.com/job-listing/senior-software-engineer-backend-growth-whoop-JV_IC1154532_KO0,39_KE40,45.htm?jl=1009407749874"
Full Stack Software Engineer,LibertyPay,122000.0,"Boston, MA","https://www.glassdoor.com/job-listing/full-stack-software-engineer-libertypay-JV_IC1154532_KO0,28_KE29,39.htm?jl=1007956580245"
Android Developer,Chewy,Not available,"Boston, MA","https://www.glassdoor.com/job-listing/android-developer-chewy-JV_IC1154532_KO0,17_KE18,23.htm?jl=1009548858381"
Software Engineering Manager (C++),Veson Nautical,154000.0,"Boston, MA","https://www.glassdoor.com/job-listing/software-engineering-manager-c-veson-nautical-JV_IC1154532_KO0,30_KE31,45.htm?jl=1009549707953"
Android Developer,Neurable,94500.0,"Boston, MA","https://www.glassdoor.com/job-listing/android-developer-neurable-JV_IC1154532_KO0,17_KE18,26.htm?jl=1009437222132"
"Software Engineer I, Android SDK",Cambridge Mobile Telematics,118500.0,"Cambridge, MA","https://www.glassdoor.com/job-listing/software-engineer-i-android-sdk-cambridge-mobile-telematics-JV_IC1154545_KO0,31_KE32,59.htm?jl=1009200680985"
"Software Engineer, athenaCollector – RCM Rules",Athenahealth,100500.0,"Boston, MA","https://www.glassdoor.com/job-listing/software-engineer-athenacollector-rcm-rules-athenahealth-JV_IC1154532_KO0,43_KE44,56.htm?jl=1009481169013"
Machine Learning Engineer,Toyota Research Institute,136000.0,"Cambridge, MA","https://www.glassdoor.com/job-listing/machine-learning-engineer-toyota-research-institute-JV_IC1154545_KO0,25_KE26,51.htm?jl=1009532630506"
SR Software Engineer Front End,Fidelity TalentSource,161200.0,"Boston, MA","https://www.glassdoor.com/job-listing/sr-software-engineer-front-end-fidelity-talentsource-JV_IC1154532_KO0,30_KE31,52.htm?jl=1009457363697"
"Senior Java/AWS/Docker Developer - Robotics, BOSTON LOCAL",Motion Recruitment,135000.0,"Boston, MA","https://www.glassdoor.com/job-listing/senior-java-aws-docker-developer-robotics-boston-local-motion-recruitment-JV_IC1154532_KO0,54_KE55,73.htm?jl=1009527714657"
Advanced Software Engineer,"General Dynamics Mission Systems, Inc",135500.0,"Quincy, MA","https://www.glassdoor.com/job-listing/advanced-software-engineer-general-dynamics-mission-systems-inc-JV_IC1154667_KO0,26_KE27,63.htm?jl=1009525672693"
Software Developer,ManTech,Not available,United States,"https://www.glassdoor.com/job-listing/software-developer-mantech-JV_KO0,18_KE19,26.htm?jl=1009548106926"
Lead DevOps Engineer,Motion Recruitment,147500.0,"Boston, MA","https://www.glassdoor.com/job-listing/lead-devops-engineer-motion-recruitment-JV_IC1154532_KO0,20_KE21,39.htm?jl=1009540816158"
C++ IoT Embedded Engineer,Motion Recruitment,130000.0,"Boston, MA","https://www.glassdoor.com/job-listing/c-iot-embedded-engineer-motion-recruitment-JV_IC1154532_KO0,23_KE24,42.htm?jl=1009524524114"
Staff Software Engineer (Python / AI + ML SaaS),EvolutionIQ,Not available,"Boston, MA","https://www.glassdoor.com/job-listing/staff-software-engineer-python-ai-ml-saas-evolutioniq-JV_IC1154532_KO0,41_KE42,53.htm?jl=1009517009699"
Principal Software Engineer - Live Streaming - WebRTC,SimpliSafe,157000.0,"Boston, MA","https://www.glassdoor.com/job-listing/principal-software-engineer-live-streaming-webrtc-simplisafe-JV_IC1154532_KO0,49_KE50,60.htm?jl=1009348660116"
"JAVA Developer with Spring Boot Framework, APIs and SOAP - C60131 6.6 Boston, MA",CapB InfoteK,137280.0,"Boston, MA","https://www.glassdoor.com/job-listing/java-developer-with-spring-boot-framework-apis-and-soap-c60131-66-boston-ma-capb-infotek-JV_IC1154532_KO0,75_KE76,88.htm?jl=1006829615356"
xPression Developer (Onsite),New York Technology Partners,Not available,"Boston, MA","https://www.glassdoor.com/job-listing/xpression-developer-onsite-new-york-technology-partners-JV_IC1154532_KO0,26_KE27,55.htm?jl=1009487562304"
Programmer Analyst,"IT Force,Inc",79000.0,"Burlington, MA","https://www.glassdoor.com/job-listing/programmer-analyst-it-force-inc-JV_IC1154543_KO0,18_KE19,31.htm?jl=1006780671119"
Senior Web Developer (Front-End),ITS Interactive,92000.0,"Newton, MA","https://www.glassdoor.com/job-listing/senior-web-developer-front-end-its-interactive-JV_IC1154636_KO0,30_KE31,46.htm?jl=1006564397575"
Software Engineer,Harvard University,Not available,"Cambridge, MA","https://www.glassdoor.com/job-listing/software-engineer-harvard-university-JV_IC1154545_KO0,17_KE18,36.htm?jl=1009476987471"
Software Developer,Aquila Technology,109000.0,"Lexington, MA","https://www.glassdoor.com/job-listing/software-developer-aquila-technology-JV_IC1154599_KO0,18_KE19,36.htm?jl=1009527663905"
DevOps/Java Engineer,CEDENT,100500.0,"Boston, MA","https://www.glassdoor.com/job-listing/devops-java-engineer-cedent-JV_IC1154532_KO0,20_KE21,27.htm?jl=1009550099248"
"Android Software Engineer, Verily Me",Verily,128000.0,"Boston, MA","https://www.glassdoor.com/job-listing/android-software-engineer-verily-me-verily-JV_IC1154532_KO0,35_KE36,42.htm?jl=1009519442899"
Principal Site Reliability Engineer,Microsoft,216000.0,"Burlington, MA","https://www.glassdoor.com/job-listing/principal-site-reliability-engineer-microsoft-JV_IC1154543_KO0,35_KE36,45.htm?jl=1009533639599"
Autonomous and Embedded Systems Engineer-Assistant Staff,MIT Lincoln Laboratory,124000.0,"Lexington, MA","https://www.glassdoor.com/job-listing/autonomous-and-embedded-systems-engineer-assistant-staff-mit-lincoln-laboratory-JV_IC1154599_KO0,56_KE57,79.htm?jl=1009409038569"
"Engineering Manager, Android Engineering",Axon,190000.0,"Boston, MA","https://www.glassdoor.com/job-listing/engineering-manager-android-engineering-axon-JV_IC1154532_KO0,39_KE40,44.htm?jl=1009542132977"
SQL Database Developer II,Massachusetts School Building Authority,100500.0,"Boston, MA","https://www.glassdoor.com/job-listing/sql-database-developer-ii-massachusetts-school-building-authority-JV_IC1154532_KO0,25_KE26,65.htm?jl=1009526652252"
Lead Software Engineer,LogRocket,Not available,"Boston, MA","https://www.glassdoor.com/job-listing/lead-software-engineer-logrocket-JV_IC1154532_KO0,22_KE23,32.htm?jl=1008921172646"
"Principal Software Engineer, Algorithmic Traffic Acquisition",CarGurus,157500.0,"Boston, MA","https://www.glassdoor.com/job-listing/principal-software-engineer-algorithmic-traffic-acquisition-cargurus-JV_IC1154532_KO0,59_KE60,68.htm?jl=1009504488380"
Senior Audio Programmer,Epic Games,127500.0,"Boston, MA","https://www.glassdoor.com/job-listing/senior-audio-programmer-epic-games-JV_IC1154532_KO0,23_KE24,34.htm?jl=1009520712654"
"Senior Software Engineer, Media Platform",Wistia,Not available,"Cambridge, MA","https://www.glassdoor.com/job-listing/senior-software-engineer-media-platform-wistia-JV_IC1154545_KO0,39_KE40,46.htm?jl=1009543149348"
Staff Engineer - Framework Engineer,3Play Media,150000.0,"Boston, MA","https://www.glassdoor.com/job-listing/staff-engineer-framework-engineer-3play-media-JV_IC1154532_KO0,33_KE34,45.htm?jl=1009493370291"
Software Developer,Harvard University,Not available,"Boston, MA","https://www.glassdoor.com/job-listing/software-developer-harvard-university-JV_IC1154532_KO0,18_KE19,37.htm?jl=1009356708655"
QA TOOLS/AUTOMATION ENGINEER,OLPC India,113500.0,"Cambridge, MA","https://www.glassdoor.com/job-listing/qa-tools-automation-engineer-olpc-india-JV_IC1154545_KO0,28_KE29,39.htm?jl=1009551226437"
"Industry Segment Lead, Aerospace & Defense",Qt Group,Not available,"Boston, MA","https://www.glassdoor.com/job-listing/industry-segment-lead-aerospace-defense-qt-group-JV_IC1154532_KO0,39_KE40,48.htm?jl=1009550193765"
Team Lead - Software Engineering,Alarm.com,117500.0,"Boston, MA","https://www.glassdoor.com/job-listing/team-lead-software-engineering-alarm-com-JV_IC1154532_KO0,30_KE31,40.htm?jl=1009439979785"
Software Engineer in Test - Engineering Development Group,MathWorks,124500.0,"Natick, MA","https://www.glassdoor.com/job-listing/software-engineer-in-test-engineering-development-group-mathworks-JV_IC1154630_KO0,55_KE56,65.htm?jl=1009465932100"
Software Client Support Engineer,"enLabel Global Services, Inc",109500.0,"Boston, MA","https://www.glassdoor.com/job-listing/software-client-support-engineer-enlabel-global-services-inc-JV_IC1154532_KO0,32_KE33,60.htm?jl=1008704790218"
Full Stack Software Engineer,Motion Recruitment,Not available,"Boston, MA","https://www.glassdoor.com/job-listing/full-stack-software-engineer-motion-recruitment-JV_IC1154532_KO0,28_KE29,47.htm?jl=1009523010949"
QT Embedded Engineer,Motion Recruitment,125000.0,"Boston, MA","https://www.glassdoor.com/job-listing/qt-embedded-engineer-motion-recruitment-JV_IC1154532_KO0,20_KE21,39.htm?jl=1009535013672"
Senior Developer Mentor,Outlier Ai,62400.0,"Boston, MA","https://www.glassdoor.com/job-listing/senior-developer-mentor-outlier-ai-JV_IC1154532_KO0,23_KE24,34.htm?jl=1009521894813"
"Manager, Software Engineering, Full Stack",Capital One,Not available,"Cambridge, MA","https://www.glassdoor.com/job-listing/manager-software-engineering-full-stack-capital-one-JV_IC1154545_KO0,39_KE40,51.htm?jl=1009483949432"
"Senior Java/Spring Boot Developer - Insurance, Boston Local",Motion Recruitment,125000.0,"Boston, MA","https://www.glassdoor.com/job-listing/senior-java-spring-boot-developer-insurance-boston-local-motion-recruitment-JV_IC1154532_KO0,56_KE57,75.htm?jl=1009524524128"
"Manager, Software Engineering, Back End",Capital One,Not available,"Cambridge, MA","https://www.glassdoor.com/job-listing/manager-software-engineering-back-end-capital-one-JV_IC1154545_KO0,37_KE38,49.htm?jl=1009533481716"
Senior Oracle Hyperion EPM Developer (Remote),ManTech,Not available,United States,"https://www.glassdoor.com/job-listing/senior-oracle-hyperion-epm-developer-remote-mantech-JV_KO0,43_KE44,51.htm?jl=1009536807261"
Principal Software Engineer - Front End,Veeva Systems,225000.0,"Boston, MA","https://www.glassdoor.com/job-listing/principal-software-engineer-front-end-veeva-systems-JV_IC1154532_KO0,37_KE38,51.htm?jl=1007768406143"
Software Engineer,DAG Consulting,107500.0,"Boston, MA","https://www.glassdoor.com/job-listing/software-engineer-dag-consulting-JV_IC1154532_KO0,17_KE18,32.htm?jl=1005803481525"
"DevOps Tools Support (Onsite Woburn, MA)",Raytheon,120000.0,"Woburn, MA","https://www.glassdoor.com/job-listing/devops-tools-support-onsite-woburn-ma-raytheon-JV_IC1154729_KO0,37_KE38,46.htm?jl=1009551023048"
Full Stack Developer - AWS,"CGI Group, Inc.",164500.0,"Boston, MA","https://www.glassdoor.com/job-listing/full-stack-developer-aws-cgi-group-inc-JV_IC1154532_KO0,24_KE25,38.htm?jl=1009527166009"
Senior Software Engineer,Liberty Mutual,146000.0,"Boston, MA","https://www.glassdoor.com/job-listing/senior-software-engineer-liberty-mutual-JV_IC1154532_KO0,24_KE25,39.htm?jl=1009532298726"
Senior Application Systems Analyst/Programmer,POWTEC Holding Co LLC,105000.0,United States,"https://www.glassdoor.com/job-listing/senior-application-systems-analyst-programmer-powtec-holding-co-llc-JV_KO0,45_KE46,67.htm?jl=1009550138894"
"Software Engineer, iOS",Meta,146993.6,"Boston, MA","https://www.glassdoor.com/job-listing/software-engineer-ios-meta-JV_IC1154532_KO0,21_KE22,26.htm?jl=1008882787505"
Principal Software Development Engineer,CVS Health,216000.0,"Boston, MA","https://www.glassdoor.com/job-listing/principal-software-development-engineer-cvs-health-JV_IC1154532_KO0,39_KE40,50.htm?jl=1009336763818"
IT Software Developer - Remote,Bright Horizons Family Solutions,125000,"Newton, MA","https://www.glassdoor.com/job-listing/it-software-developer-remote-bright-horizons-family-solutions-JV_IC1154636_KO0,28_KE29,61.htm?jl=1009367948567"
"Data Innovations IS Programmer/ Analyst II, Dept. of Surgery, Per Diem",Brigham & Women's Hospital(BWH),Not available,"Boston, MA","https://www.glassdoor.com/job-listing/data-innovations-is-programmer-analyst-ii-dept-of-surgery-per-diem-brigham-women-s-hospital-bwh-JV_IC1154532_KO0,66_KE67,95.htm?jl=1009508890347"
Jr. Web Application Data Engineer,GEI Consultants,59280.0,"Woburn, MA","https://www.glassdoor.com/job-listing/jr-web-application-data-engineer-gei-consultants-JV_IC1154729_KO0,32_KE33,48.htm?jl=1009107856584"
"Staff Software Engineer (Backend, Platform)",WHOOP,189000.0,"Boston, MA","https://www.glassdoor.com/job-listing/staff-software-engineer-backend-platform-whoop-JV_IC1154532_KO0,40_KE41,46.htm?jl=1009457456112"
Software Developer - Application,Assure eServices,Not available,"Bedford, MA","https://www.glassdoor.com/job-listing/software-developer-application-assure-eservices-JV_IC1154527_KO0,30_KE31,47.htm?jl=1007944334145"
"Solutions Engineer, Software (Investments Technology)",Liberty Mutual,194000.0,"Boston, MA","https://www.glassdoor.com/job-listing/solutions-engineer-software-investments-technology-liberty-mutual-JV_IC1154532_KO0,50_KE51,65.htm?jl=1009534978504"
Lab Automation Engineer,Arrayo,109500.0,"Boston, MA","https://www.glassdoor.com/job-listing/lab-automation-engineer-arrayo-JV_IC1154532_KO0,23_KE24,30.htm?jl=1008953583409"
Software Developer,MIT,120500.0,"Cambridge, MA","https://www.glassdoor.com/job-listing/software-developer-mit-JV_IC1154545_KO0,18_KE19,22.htm?jl=1009380834394"
Senior DevOps Engineer - Observability,EvolutionIQ,190000.0,"Boston, MA","https://www.glassdoor.com/job-listing/senior-devops-engineer-observability-evolutioniq-JV_IC1154532_KO0,36_KE37,48.htm?jl=1009529713652"
Staff Software Engineer,Labcorp,160000.0,"Boston, MA","https://www.glassdoor.com/job-listing/staff-software-engineer-labcorp-JV_IC1154532_KO0,23_KE24,31.htm?jl=1009486435831"
Senior Software Engineer,Hi Marley,145000.0,"Boston, MA","https://www.glassdoor.com/job-listing/senior-software-engineer-hi-marley-JV_IC1154532_KO0,24_KE25,34.htm?jl=1009535195761"
Software Engineer III - Frontend,Chewy,Not available,"Boston, MA","https://www.glassdoor.com/job-listing/software-engineer-iii-frontend-chewy-JV_IC1154532_KO0,30_KE31,36.htm?jl=1009532459465"
Software Test Engineer,Oxford Global Resources,135200.0,"Boston, MA","https://www.glassdoor.com/job-listing/software-test-engineer-oxford-global-resources-JV_IC1154532_KO0,22_KE23,46.htm?jl=1009074954254"
"Software Engineering Manager, Enterprise Entitlements Engineering Team",Capital One,Not available,"Cambridge, MA","https://www.glassdoor.com/job-listing/software-engineering-manager-enterprise-entitlements-engineering-team-capital-one-JV_IC1154545_KO0,69_KE70,81.htm?jl=1009465065450"
Computational Engineering Software Development Co-op,SoftInWay Inc.,93500.0,"Boston, MA","https://www.glassdoor.com/job-listing/computational-engineering-software-development-co-op-softinway-inc-JV_IC1154532_KO0,52_KE53,66.htm?jl=1009509265337"
SENIOR PROGRAMMER,Disbelief,Not available,"Cambridge, MA","https://www.glassdoor.com/job-listing/senior-programmer-disbelief-JV_IC1154545_KO0,17_KE18,27.htm?jl=1009484482363"
Software Engineer in Test - CDMS,Veeva Systems,112500.0,"Boston, MA","https://www.glassdoor.com/job-listing/software-engineer-in-test-cdms-veeva-systems-JV_IC1154532_KO0,30_KE31,44.htm?jl=1007523624275"
"Software Development Engineer , Amazon",Amazon.com Services LLC,176500.0,"Boston, MA","https://www.glassdoor.com/job-listing/software-development-engineer-amazon-amazon-com-services-llc-JV_IC1154532_KO0,36_KE37,60.htm?jl=1009460525973"
JAVA AND C++ DEVELOPER (LIVE STREAMING),Red5 Pro,56000.0,"Jamaica Plain, MA","https://www.glassdoor.com/job-listing/java-and-c-developer-live-streaming-red5-pro-JV_IC1154595_KO0,35_KE36,44.htm?jl=1009492951741"
Associate Machine Learning Engineer,Analog Devices,Not available,"Boston, MA","https://www.glassdoor.com/job-listing/associate-machine-learning-engineer-analog-devices-JV_IC1154532_KO0,35_KE36,50.htm?jl=1009480261749"
Principal DevOps Architect,Harvard Business Publishing,167500.0,"Boston, MA","https://www.glassdoor.com/job-listing/principal-devops-architect-harvard-business-publishing-JV_IC1154532_KO0,26_KE27,54.htm?jl=1009451339574"
Senior Software Engineer,LogRocket,152500.0,"Boston, MA","https://www.glassdoor.com/job-listing/senior-software-engineer-logrocket-JV_IC1154532_KO0,24_KE25,34.htm?jl=1008546344924"
"Software Engineer, Google Cloud Computing, Cloud Learning Services",Google,Not available,"Cambridge, MA","https://www.glassdoor.com/job-listing/software-engineer-google-cloud-computing-cloud-learning-services-google-JV_IC1154545_KO0,64_KE65,71.htm?jl=1009518791471"
Software Development Manager,Chewy,Not available,"Boston, MA","https://www.glassdoor.com/job-listing/software-development-manager-chewy-JV_IC1154532_KO0,28_KE29,34.htm?jl=1009550484656"
Flight Software Test Engineer,Revolution Space,84500.0,"Boston, MA","https://www.glassdoor.com/job-listing/flight-software-test-engineer-revolution-space-JV_IC1154532_KO0,29_KE30,46.htm?jl=1009540484724"
"Software Engineer, Precision Health Platform",Verily,151500.0,"Boston, MA","https://www.glassdoor.com/job-listing/software-engineer-precision-health-platform-verily-JV_IC1154532_KO0,43_KE44,50.htm?jl=1009113717542"
Senior Software developer,Raytheon Technologies Corporate Headquarters,120000.0,"Cambridge, MA","https://www.glassdoor.com/job-listing/senior-software-developer-raytheon-technologies-corporate-headquarters-JV_IC1154545_KO0,25_KE26,70.htm?jl=1009528926678"
Principal Software Engineer - App Frameworks,MathWorks,150000.0,"Natick, MA","https://www.glassdoor.com/job-listing/principal-software-engineer-app-frameworks-mathworks-JV_IC1154630_KO0,42_KE43,52.htm?jl=1009444997554"
Enterprise Solutions Engineer - API,SmartBear,131000.0,"Somerville, MA","https://www.glassdoor.com/job-listing/enterprise-solutions-engineer-api-smartbear-JV_IC1154685_KO0,33_KE34,43.htm?jl=1009527982623"
Senior Software Engineer (Full Stack),Cisco Systems,151500.0,"Boston, MA","https://www.glassdoor.com/job-listing/senior-software-engineer-full-stack-cisco-systems-JV_IC1154532_KO0,35_KE36,49.htm?jl=1009527106095"
Software Test Engineer,Capgemini,98560.8,"Boston, MA","https://www.glassdoor.com/job-listing/software-test-engineer-capgemini-JV_IC1154532_KO0,22_KE23,32.htm?jl=1009453123310"
Software Engineer/Programmer,Delta Search Labs,112500.0,"Cambridge, MA","https://www.glassdoor.com/job-listing/software-engineer-programmer-delta-search-labs-JV_IC1154545_KO0,28_KE29,46.htm?jl=1006786608768"
"Application Development / Maintenance, Officer",State Street,92500.0,"Quincy, MA","https://www.glassdoor.com/job-listing/application-development-maintenance-officer-state-street-JV_IC1154667_KO0,43_KE44,56.htm?jl=1009535584396"
Java Full Stack Lead,Infosys,98000.0,"Boston, MA","https://www.glassdoor.com/job-listing/java-full-stack-lead-infosys-JV_IC1154532_KO0,20_KE21,28.htm?jl=1009534015972"
Senior Backend Python Engineer,Motion Recruitment,180000.0,"Cambridge, MA","https://www.glassdoor.com/job-listing/senior-backend-python-engineer-motion-recruitment-JV_IC1154545_KO0,30_KE31,49.htm?jl=1009529654878"
Senior Embedded Firmware Engineer/Massachusetts,Motion Recruitment,150000.0,"Boston, MA","https://www.glassdoor.com/job-listing/senior-embedded-firmware-engineer-massachusetts-motion-recruitment-JV_IC1154532_KO0,47_KE48,66.htm?jl=1009514050963"
Software Engineering Manager,DraftKings,175500.0,"Boston, MA","https://www.glassdoor.com/job-listing/software-engineering-manager-draftkings-JV_IC1154532_KO0,28_KE29,39.htm?jl=1009526323386"
"Senior Software Engineer, athenaCollector – Billing Workflow",Athenahealth,126000.0,"Boston, MA","https://www.glassdoor.com/job-listing/senior-software-engineer-athenacollector-billing-workflow-athenahealth-JV_IC1154532_KO0,57_KE58,70.htm?jl=1009515777992"
Software Developer – Ray Optics,COMSOL Inc.,115000.0,"Burlington, MA","https://www.glassdoor.com/job-listing/software-developer-ray-optics-comsol-inc-JV_IC1154543_KO0,29_KE30,40.htm?jl=1009398510000"
Mainframe Developer,Zenith Services,107500.0,"Boston, MA","https://www.glassdoor.com/job-listing/mainframe-developer-zenith-services-JV_IC1154532_KO0,19_KE20,35.htm?jl=1009392668518"
"Programmer Analysts or Software Developers (java , .Net and webdynpro)","IT Force,Inc",96000.0,"Burlington, MA","https://www.glassdoor.com/job-listing/programmer-analysts-or-software-developers-java-net-and-webdynpro-it-force-inc-JV_IC1154543_KO0,65_KE66,78.htm?jl=1006780671135"
"Staff Software Engineer, Platform","Vivint, Inc.",199500.0,"Boston, MA","https://www.glassdoor.com/job-listing/staff-software-engineer-platform-vivint-inc-JV_IC1154532_KO0,32_KE33,43.htm?jl=1009543418016"
Full Stack Engineer,Fidelity TalentSource,208000.0,"Boston, MA","https://www.glassdoor.com/job-listing/full-stack-engineer-fidelity-talentsource-JV_IC1154532_KO0,19_KE20,41.htm?jl=1009534038718"
SR Software Engineer- Java,Fidelity TalentSource,156000.0,"Boston, MA","https://www.glassdoor.com/job-listing/sr-software-engineer-java-fidelity-talentsource-JV_IC1154532_KO0,25_KE26,47.htm?jl=1009528249716"
Staff Software Engineer,Snyk,169500.0,"Boston, MA","https://www.glassdoor.com/job-listing/staff-software-engineer-snyk-JV_IC1154532_KO0,23_KE24,28.htm?jl=1009506861541"
Application Developer (SY24-25),Boston Public Schools,94500.0,"Boston, MA","https://www.glassdoor.com/job-listing/application-developer-sy24-25-boston-public-schools-JV_IC1154532_KO0,29_KE30,51.htm?jl=1009504158659"
Software Engineer - Digital Engineering Center,MIT Lincoln Laboratory,142500.0,"Lexington, MA","https://www.glassdoor.com/job-listing/software-engineer-digital-engineering-center-mit-lincoln-laboratory-JV_IC1154599_KO0,44_KE45,67.htm?jl=1009479067002"
"Associate Software Engineer, SAP Extended Warehouse Management",Moderna,74000.0,"Norwood, MA","https://www.glassdoor.com/job-listing/associate-software-engineer-sap-extended-warehouse-management-moderna-JV_IC1154655_KO0,61_KE62,69.htm?jl=1009462071461"
"Staff Engineer, Software Quality",Abbott Laboratories,142500.0,"Burlington, MA","https://www.glassdoor.com/job-listing/staff-engineer-software-quality-abbott-laboratories-JV_IC1154543_KO0,31_KE32,51.htm?jl=1009456808902"
Satellite Communication Systems Development Engineer - Associate Staff,MIT Lincoln Laboratory,99000.0,"Lexington, MA","https://www.glassdoor.com/job-listing/satellite-communication-systems-development-engineer-associate-staff-mit-lincoln-laboratory-JV_IC1154599_KO0,68_KE69,91.htm?jl=1009412683275"
Angular JS consultant,Steck Systems,90500.0,"Quincy, MA","https://www.glassdoor.com/job-listing/angular-js-consultant-steck-systems-JV_IC1154667_KO0,21_KE22,35.htm?jl=1006755327981"
Oracle BI Developer,Assure eServices,Not available,"Bedford, MA","https://www.glassdoor.com/job-listing/oracle-bi-developer-assure-eservices-JV_IC1154527_KO0,19_KE20,36.htm?jl=1007944334153"
Assistant Staff (Software Engineer),MIT Lincoln Laboratory,115000.0,"Lexington, MA","https://www.glassdoor.com/job-listing/assistant-staff-software-engineer-mit-lincoln-laboratory-JV_IC1154599_KO0,33_KE34,56.htm?jl=1009497018728"
"C++ Embedded Developer || Boston, MA (Local only)",ANB Sourcing LLC,83200.0,"Boston, MA","https://www.glassdoor.com/job-listing/c-embedded-developer-boston-ma-local-only-anb-sourcing-llc-JV_IC1154532_KO0,41_KE42,58.htm?jl=1009426512542"
"Embedded Software Engineer, Pre-development",Bose,Not available,"Framingham, MA","https://www.glassdoor.com/job-listing/embedded-software-engineer-pre-development-bose-JV_IC1154571_KO0,42_KE43,47.htm?jl=1009525218731"
Sr. Java Engineer | Tech Lead,InsideTracker,145000.0,"Cambridge, MA","https://www.glassdoor.com/job-listing/sr-java-engineer-tech-lead-insidetracker-JV_IC1154545_KO0,26_KE27,40.htm?jl=1007821797280"
Software Engineer,Formlabs,118500.0,"Somerville, MA","https://www.glassdoor.com/job-listing/software-engineer-formlabs-JV_IC1154685_KO0,17_KE18,26.htm?jl=1009223967492"
Software Engineer - PA2024Q4BS011,SS&C,Not available,"Braintree, MA","https://www.glassdoor.com/job-listing/software-engineer-pa2024q4bs011-ssc-JV_IC1154535_KO0,31_KE32,35.htm?jl=1009536862264"
Software Engineer,Delta Search Labs,121000.0,"Cambridge, MA","https://www.glassdoor.com/job-listing/software-engineer-delta-search-labs-JV_IC1154545_KO0,17_KE18,35.htm?jl=1006786608775"
Senior Software Engineer,Partners Capital,140000.0,"Boston, MA","https://www.glassdoor.com/job-listing/senior-software-engineer-partners-capital-JV_IC1154532_KO0,24_KE25,41.htm?jl=1009474893734"
Software Engineer,State Street,106500.0,"Burlington, MA","https://www.glassdoor.com/job-listing/software-engineer-state-street-JV_IC1154543_KO0,17_KE18,30.htm?jl=1009398979915"
Senior Backend Software Engineer,Nexamp,154000.0,"Boston, MA","https://www.glassdoor.com/job-listing/senior-backend-software-engineer-nexamp-JV_IC1154532_KO0,32_KE33,39.htm?jl=1009533491734"
"Senior Software Engineer, Computer Vision and Robotics",New Balance,128000.0,"Brighton, MA","https://www.glassdoor.com/job-listing/senior-software-engineer-computer-vision-and-robotics-new-balance-JV_IC1154538_KO0,53_KE54,65.htm?jl=1009381248281"
Software Engineer II,Chewy,Not available,"Boston, MA","https://www.glassdoor.com/job-listing/software-engineer-ii-chewy-JV_IC1154532_KO0,20_KE21,26.htm?jl=1009543087679"
Senior / Principal Gameplay Engineer,CD PROJEKT RED,209500.0,"Boston, MA","https://www.glassdoor.com/job-listing/senior-principal-gameplay-engineer-cd-projekt-red-JV_IC1154532_KO0,34_KE35,49.htm?jl=1009346897016"
Senior Software Engineer,SimpliSafe,166500.0,"Boston, MA","https://www.glassdoor.com/job-listing/senior-software-engineer-simplisafe-JV_IC1154532_KO0,24_KE25,35.htm?jl=1009551352013"
Desktop Application Software Engineer,"Lutron Electronics Co., Inc",114000.0,"Boston, MA","https://www.glassdoor.com/job-listing/desktop-application-software-engineer-lutron-electronics-co-inc-JV_IC1154532_KO0,37_KE38,63.htm?jl=1009445383132"
Senior Software Engineer,HqO,138000.0,"Boston, MA","https://www.glassdoor.com/job-listing/senior-software-engineer-hqo-JV_IC1154532_KO0,24_KE25,28.htm?jl=1009442019583"
Senior Full Stack Engineer,Arrowstreet Capital,144000.0,"Boston, MA","https://www.glassdoor.com/job-listing/senior-full-stack-engineer-arrowstreet-capital-JV_IC1154532_KO0,26_KE27,46.htm?jl=1009071823049"
FedNow Senior Software Engineer,Federal Reserve Bank of Boston,130000.0,"Boston, MA","https://www.glassdoor.com/job-listing/fednow-senior-software-engineer-federal-reserve-bank-of-boston-JV_IC1154532_KO0,31_KE32,62.htm?jl=1009528000162"
Principal Software Engineer,Arrowstreet Capital,175500.0,"Boston, MA","https://www.glassdoor.com/job-listing/principal-software-engineer-arrowstreet-capital-JV_IC1154532_KO0,27_KE28,47.htm?jl=1009376152204"
Senior Software Process Engineer,MathWorks,127000.0,"Natick, MA","https://www.glassdoor.com/job-listing/senior-software-process-engineer-mathworks-JV_IC1154630_KO0,32_KE33,42.htm?jl=1009174668394"
Sr Software Engineer,Intone Networks,Not available,"Boston, MA","https://www.glassdoor.com/job-listing/sr-software-engineer-intone-networks-JV_IC1154532_KO0,20_KE21,36.htm?jl=1009536868940"
Senior Software Engineer,Grand Circle LLC,156000.0,"Boston, MA","https://www.glassdoor.com/job-listing/senior-software-engineer-grand-circle-llc-JV_IC1154532_KO0,24_KE25,41.htm?jl=1009543400007"
Senior Software Engineer,"Volta Labs, Inc.",Not available,"Boston, MA","https://www.glassdoor.com/job-listing/senior-software-engineer-volta-labs-inc-JV_IC1154532_KO0,24_KE25,39.htm?jl=1009437671429"
Software Quality Engineer,SimpliSafe,108000.0,"Boston, MA","https://www.glassdoor.com/job-listing/software-quality-engineer-simplisafe-JV_IC1154532_KO0,25_KE26,36.htm?jl=1009535427378"
Software Engineer,MKT MEDIASTATS,124000.0,"Cambridge, MA","https://www.glassdoor.com/job-listing/software-engineer-mkt-mediastats-JV_IC1154545_KO0,17_KE18,32.htm?jl=1007644559457"
"Engineer II, Python",Magnite,130000.0,"Boston, MA","https://www.glassdoor.com/job-listing/engineer-ii-python-magnite-JV_IC1154532_KO0,18_KE19,26.htm?jl=1009269073606"
Principal Software Engineer,Snyk,175500.0,"Boston, MA","https://www.glassdoor.com/job-listing/principal-software-engineer-snyk-JV_IC1154532_KO0,27_KE28,32.htm?jl=1009441307243"
Full Stack Software Engineer,Sea Machines,102500.0,"Boston, MA","https://www.glassdoor.com/job-listing/full-stack-software-engineer-sea-machines-JV_IC1154532_KO0,28_KE29,41.htm?jl=1009529770367"
Sr Software Test Engineer - Surgical Robotics,Medtronic,123000.0,"Boston, MA","https://www.glassdoor.com/job-listing/sr-software-test-engineer-surgical-robotics-medtronic-JV_IC1154532_KO0,43_KE44,53.htm?jl=1009518935149"
NETWORKING SOFTWARE ENGINEER,OLPC India,129500.0,"Cambridge, MA","https://www.glassdoor.com/job-listing/networking-software-engineer-olpc-india-JV_IC1154545_KO0,28_KE29,39.htm?jl=1009551226530"
Principal Software Engineer,Grand Circle LLC,182000.0,"Boston, MA","https://www.glassdoor.com/job-listing/principal-software-engineer-grand-circle-llc-JV_IC1154532_KO0,27_KE28,44.htm?jl=1009543400051"
Senior level Embedded C Engineer,Motion Recruitment,117500.0,"Boston, MA","https://www.glassdoor.com/job-listing/senior-level-embedded-c-engineer-motion-recruitment-JV_IC1154532_KO0,32_KE33,51.htm?jl=1009527714656"
Senior Software Engineer,Fidelity Investments,134500.0,"Boston, MA","https://www.glassdoor.com/job-listing/senior-software-engineer-fidelity-investments-JV_IC1154532_KO0,24_KE25,45.htm?jl=1009448404040"
DevOps Engineer,Office for Admin and Finance (ANF1000),96000.0,"Boston, MA","https://www.glassdoor.com/job-listing/devops-engineer-office-for-admin-and-finance-anf1000-JV_IC1154532_KO0,15_KE16,52.htm?jl=1009528184681"
Software Engineer,Aquila Technology,108000.0,"Lexington, MA","https://www.glassdoor.com/job-listing/software-engineer-aquila-technology-JV_IC1154599_KO0,17_KE18,35.htm?jl=1009549908832"
"Manager, Software Development",SimpliSafe,174500.0,"Boston, MA","https://www.glassdoor.com/job-listing/manager-software-development-simplisafe-JV_IC1154532_KO0,28_KE29,39.htm?jl=1009535427384"
Software Engineering Manager,Plymouth Rock Assurance,171000.0,"Boston, MA","https://www.glassdoor.com/job-listing/software-engineering-manager-plymouth-rock-assurance-JV_IC1154532_KO0,28_KE29,52.htm?jl=1009550104778"
"Software Development Engineer II, AGI",Amazon.com Services LLC,125500.0,"Boston, MA","https://www.glassdoor.com/job-listing/software-development-engineer-ii-agi-amazon-com-services-llc-JV_IC1154532_KO0,36_KE37,60.htm?jl=1009527159554"
Senior Software Engineer - Java,Veeva Systems,190000.0,"Boston, MA","https://www.glassdoor.com/job-listing/senior-software-engineer-java-veeva-systems-JV_IC1154532_KO0,29_KE30,43.htm?jl=1007769265651"
"Software Engineer, Product",Meta,146993.6,"Boston, MA","https://www.glassdoor.com/job-listing/software-engineer-product-meta-JV_IC1154532_KO0,25_KE26,30.htm?jl=1008960779632"
Motion Planning Engineer,Anduril Industries,195000.0,"Boston, MA","https://www.glassdoor.com/job-listing/motion-planning-engineer-anduril-industries-JV_IC1154532_KO0,24_KE25,43.htm?jl=1009551656812"
Senior Software Engineer (DevOps),WHOOP,147000.0,"Boston, MA","https://www.glassdoor.com/job-listing/senior-software-engineer-devops-whoop-JV_IC1154532_KO0,31_KE32,37.htm?jl=1009413218992"
Senior Software Engineer,Kytopen,141500.0,"Cambridge, MA","https://www.glassdoor.com/job-listing/senior-software-engineer-kytopen-JV_IC1154545_KO0,24_KE25,32.htm?jl=1009400173978"
Algorithms Software Engineer,Bose,Not available,"Framingham, MA","https://www.glassdoor.com/job-listing/algorithms-software-engineer-bose-JV_IC1154571_KO0,28_KE29,33.htm?jl=1009551455158"
Principal Software Engineer,PTC Inc.,166000.0,"Boston, MA","https://www.glassdoor.com/job-listing/principal-software-engineer-ptc-inc-JV_IC1154532_KO0,27_KE28,35.htm?jl=1009411970079"
Software Engineer (.Net),fluxtek Solutions,116000.0,"Boston, MA","https://www.glassdoor.com/job-listing/software-engineer-net-fluxtek-solutions-JV_IC1154532_KO0,21_KE22,39.htm?jl=1009535020018"
Node.js Developer - Backend Engineer,SS&C,95000.0,"Boston, MA","https://www.glassdoor.com/job-listing/node-js-developer-backend-engineer-ssc-JV_IC1154532_KO0,34_KE35,38.htm?jl=1009228577809"
Sr. Software Engineer in Test,"Vivint, Inc.",135000.0,"Boston, MA","https://www.glassdoor.com/job-listing/sr-software-engineer-in-test-vivint-inc-JV_IC1154532_KO0,28_KE29,39.htm?jl=1009527730123"
Senior Software Engineer,Franklin Templeton Investments,167000.0,"Boston, MA","https://www.glassdoor.com/job-listing/senior-software-engineer-franklin-templeton-investments-JV_IC1154532_KO0,24_KE25,55.htm?jl=1009506037396"
Senior Software Engineer,Apryse,120000.0,"Boston, MA","https://www.glassdoor.com/job-listing/senior-software-engineer-apryse-JV_IC1154532_KO0,24_KE25,31.htm?jl=1009502178965"
Principal Software Engineer - Java,Veeva Systems,225000.0,"Boston, MA","https://www.glassdoor.com/job-listing/principal-software-engineer-java-veeva-systems-JV_IC1154532_KO0,32_KE33,46.htm?jl=1007768405890"
Senior Software Engineer,Snyk,141000.0,"Boston, MA","https://www.glassdoor.com/job-listing/senior-software-engineer-snyk-JV_IC1154532_KO0,24_KE25,29.htm?jl=1009437163178"
Senior Backend Software Engineer,S&P Global,187500.0,"Cambridge, MA","https://www.glassdoor.com/job-listing/senior-backend-software-engineer-sp-global-JV_IC1154545_KO0,32_KE33,42.htm?jl=1009469533492"
Software Engineer,Vertical Focus,110000.0,"Woburn, MA","https://www.glassdoor.com/job-listing/software-engineer-vertical-focus-JV_IC1154729_KO0,17_KE18,32.htm?jl=1007533373326"
Senior Software Engineer – Full-Stack,Guidewire Software,163500.0,"Bedford, MA","https://www.glassdoor.com/job-listing/senior-software-engineer-full-stack-guidewire-software-JV_IC1154527_KO0,35_KE36,54.htm?jl=1009549373450"
Staff Software Engineer,Boston Dynamics,158500.0,"Waltham, MA","https://www.glassdoor.com/job-listing/staff-software-engineer-boston-dynamics-JV_IC1154703_KO0,23_KE24,39.htm?jl=1009517266747"
Principal Software Engineer - Search - Lucene,Veeva Systems,225000.0,"Boston, MA","https://www.glassdoor.com/job-listing/principal-software-engineer-search-lucene-veeva-systems-JV_IC1154532_KO0,41_KE42,55.htm?jl=1009442561890"
Software Engineer V,Pickle Robot Company,154000.0,"Cambridge, MA","https://www.glassdoor.com/job-listing/software-engineer-v-pickle-robot-company-JV_IC1154545_KO0,19_KE20,40.htm?jl=1009495816765"
Software Engineering Manager,Oneiro,183000.0,"Boston, MA","https://www.glassdoor.com/job-listing/software-engineering-manager-oneiro-JV_IC1154532_KO0,28_KE29,35.htm?jl=1007158863585"
"Sr Software Engineer, Platform","Vivint, Inc.",176000.0,"Boston, MA","https://www.glassdoor.com/job-listing/sr-software-engineer-platform-vivint-inc-JV_IC1154532_KO0,29_KE30,40.htm?jl=1009543418151"
Senior Software Engineer - Infrastructure,Veeva Systems,190000.0,"Boston, MA","https://www.glassdoor.com/job-listing/senior-software-engineer-infrastructure-veeva-systems-JV_IC1154532_KO0,39_KE40,53.htm?jl=1007769265670"
Audio Tools Software Engineer,Bose,112000.0,"Framingham, MA","https://www.glassdoor.com/job-listing/audio-tools-software-engineer-bose-JV_IC1154571_KO0,29_KE30,34.htm?jl=1009436188961"
Senior Software Engineer - Full Stack,Veeva Systems,190000.0,"Boston, MA","https://www.glassdoor.com/job-listing/senior-software-engineer-full-stack-veeva-systems-JV_IC1154532_KO0,35_KE36,49.htm?jl=1007769265400"
Sr Software Engineer - Surgical Robotics,Medtronic,150000.0,"Boston, MA","https://www.glassdoor.com/job-listing/sr-software-engineer-surgical-robotics-medtronic-JV_IC1154532_KO0,38_KE39,48.htm?jl=1009405137819"
"Senior Principal Software Development Engineer/Lead (Scala, SQL/NoSQL, Node.js) - Remote",Revvity,147500.0,"Boston, MA","https://www.glassdoor.com/job-listing/senior-principal-software-development-engineer-lead-scala-sql-nosql-node-js-remote-revvity-JV_IC1154532_KO0,82_KE83,90.htm?jl=1009538948896"
Site Reliability Engineer,LogRocket,133500.0,"Boston, MA","https://www.glassdoor.com/job-listing/site-reliability-engineer-logrocket-JV_IC1154532_KO0,25_KE26,35.htm?jl=1009446316650"
Software Development Engineer,AuriStor,131000.0,"Boston, MA","https://www.glassdoor.com/job-listing/software-development-engineer-auristor-JV_IC1154532_KO0,29_KE30,38.htm?jl=1006230436201"
Senior Software Engineer in Test,MathWorks,134000.0,"Natick, MA","https://www.glassdoor.com/job-listing/senior-software-engineer-in-test-mathworks-JV_IC1154630_KO0,32_KE33,42.htm?jl=1009245241118"
Staff Software Engineer,Entyre Inc,173500.0,"Dedham, MA","https://www.glassdoor.com/job-listing/staff-software-engineer-entyre-inc-JV_IC1154556_KO0,23_KE24,34.htm?jl=1009533829200"
Senior Producer,CD PROJEKT RED,113500.0,"Boston, MA","https://www.glassdoor.com/job-listing/senior-producer-cd-projekt-red-JV_IC1154532_KO0,15_KE16,30.htm?jl=1009504084256"
Software Engineer - End User Development,"Oxipital AI, Inc.",126500.0,"Bedford, MA","https://www.glassdoor.com/job-listing/software-engineer-end-user-development-oxipital-ai-inc-JV_IC1154527_KO0,38_KE39,54.htm?jl=1009542863650"
Trade Compliance Senior Full Stack Engineer,Arrowstreet Capital,100000.0,"Boston, MA","https://www.glassdoor.com/job-listing/trade-compliance-senior-full-stack-engineer-arrowstreet-capital-JV_IC1154532_KO0,43_KE44,63.htm?jl=1009504431690"
Senior Internet Software Engineer,BrickLogix,124500.0,"Somerville, MA","https://www.glassdoor.com/job-listing/senior-internet-software-engineer-bricklogix-JV_IC1154685_KO0,33_KE34,44.htm?jl=1007488961164"
Principle Software Engineer,National Grid,176500.0,"Waltham, MA","https://www.glassdoor.com/job-listing/principle-software-engineer-national-grid-JV_IC1154703_KO0,27_KE28,41.htm?jl=1009469910098"
Senior .NET Engineer,Pristine Infotech,121000.0,"Boston, MA","https://www.glassdoor.com/job-listing/senior-net-engineer-pristine-infotech-JV_IC1154532_KO0,19_KE20,37.htm?jl=1008816034426"
Software Engineering Manager,MathWorks,166000.0,"Natick, MA","https://www.glassdoor.com/job-listing/software-engineering-manager-mathworks-JV_IC1154630_KO0,28_KE29,38.htm?jl=1009524865817"
Full Stack Spring 2020,VASS IT,84500.0,"Boston, MA","https://www.glassdoor.com/job-listing/full-stack-spring-2020-vass-it-JV_IC1154532_KO0,22_KE23,30.htm?jl=1009348593446"
DevOps Engineer,Aquila Technology,116000.0,"Lexington, MA","https://www.glassdoor.com/job-listing/devops-engineer-aquila-technology-JV_IC1154599_KO0,15_KE16,33.htm?jl=1009548638892"
Senior Staff DevOps Engineer - Hybrid,Caris Life Sciences,Not available,"Boston, MA","https://www.glassdoor.com/job-listing/senior-staff-devops-engineer-hybrid-caris-life-sciences-JV_IC1154532_KO0,35_KE36,55.htm?jl=1009526778252"
"Developer, Worksite Technology",MASSMUTUAL,163000.0,"Boston, MA","https://www.glassdoor.com/job-listing/developer-worksite-technology-massmutual-JV_IC1154532_KO0,29_KE30,40.htm?jl=1009481812799"
Flight Software Engineer,"CGI Group, Inc.",138000.0,United States,"https://www.glassdoor.com/job-listing/flight-software-engineer-cgi-group-inc-JV_KO0,24_KE25,38.htm?jl=1009444434939"
Senior C# Developer,"CGI Group, Inc.",112000.0,United States,"https://www.glassdoor.com/job-listing/senior-c-developer-cgi-group-inc-JV_KO0,18_KE19,32.htm?jl=1009499011965"
Lead React Native Engineer,Motion Recruitment,180000.0,"Boston, MA","https://www.glassdoor.com/job-listing/lead-react-native-engineer-motion-recruitment-JV_IC1154532_KO0,26_KE27,45.htm?jl=1009549943810"
Cloud Engineer-Analytics,Columbia Threadneedle Investments,Not available,"Boston, MA","https://www.glassdoor.com/job-listing/cloud-engineer-analytics-columbia-threadneedle-investments-JV_IC1154532_KO0,24_KE25,58.htm?jl=1009473338783"
Software Configuration Engineer,Northrop Grumman,55000.0,"Malden, MA","https://www.glassdoor.com/job-listing/software-configuration-engineer-northrop-grumman-JV_IC1154605_KO0,31_KE32,48.htm?jl=1009531923872"
"Software Engineering Manager, Infrastructure",Meta,214000.0,"Boston, MA","https://www.glassdoor.com/job-listing/software-engineering-manager-infrastructure-meta-JV_IC1154532_KO0,43_KE44,48.htm?jl=1008882787219"
Software Engineer,STR,Not available,"Woburn, MA","https://www.glassdoor.com/job-listing/software-engineer-str-JV_IC1154729_KO0,17_KE18,21.htm?jl=1009528222863"
Senior Front End Engineer - OpenPass,The Trade Desk,175500.0,"Boston, MA","https://www.glassdoor.com/job-listing/senior-front-end-engineer-openpass-the-trade-desk-JV_IC1154532_KO0,34_KE35,49.htm?jl=1009519154598"
Staff Robotics Software Engineer,Chewy,160500.0,"Boston, MA","https://www.glassdoor.com/job-listing/staff-robotics-software-engineer-chewy-JV_IC1154532_KO0,32_KE33,38.htm?jl=1009542452689"
"Senior iOS Software Engineer, Verily Me",Verily,179000.0,"Boston, MA","https://www.glassdoor.com/job-listing/senior-ios-software-engineer-verily-me-verily-JV_IC1154532_KO0,38_KE39,45.htm?jl=1009498485300"
Software Engineer - Mission Autonomy,Anduril Industries,183000.0,"Boston, MA","https://www.glassdoor.com/job-listing/software-engineer-mission-autonomy-anduril-industries-JV_IC1154532_KO0,34_KE35,53.htm?jl=1009551656925"
Senior Software Engineer in Test - CDMS,Veeva Systems,137500.0,"Boston, MA","https://www.glassdoor.com/job-listing/senior-software-engineer-in-test-cdms-veeva-systems-JV_IC1154532_KO0,37_KE38,51.htm?jl=1007840460343"
"Software Engineer, Infrastructure",Meta,117000.0,"Boston, MA","https://www.glassdoor.com/job-listing/software-engineer-infrastructure-meta-JV_IC1154532_KO0,32_KE33,37.htm?jl=1009401106323"
Senior Software Engineer,Nara Logics,139000.0,"Boston, MA","https://www.glassdoor.com/job-listing/senior-software-engineer-nara-logics-JV_IC1154532_KO0,24_KE25,36.htm?jl=1009400670536"
Senior Cloud Engineer,Bain Capital,Not available,"Boston, MA","https://www.glassdoor.com/job-listing/senior-cloud-engineer-bain-capital-JV_IC1154532_KO0,21_KE22,34.htm?jl=1009543456519"
Staff Software Engineer - Operations Execution,Crunchtime,205000.0,"Boston, MA","https://www.glassdoor.com/job-listing/staff-software-engineer-operations-execution-crunchtime-JV_IC1154532_KO0,44_KE45,55.htm?jl=1009486841632"
Software Development Engineer in Test,"enLabel Global Services, Inc",122500.0,"Boston, MA","https://www.glassdoor.com/job-listing/software-development-engineer-in-test-enlabel-global-services-inc-JV_IC1154532_KO0,37_KE38,65.htm?jl=1008704790139"
Lead Software Engineer,Cadence Design Systems,145500.0,"Burlington, MA","https://www.glassdoor.com/job-listing/lead-software-engineer-cadence-design-systems-JV_IC1154543_KO0,22_KE23,45.htm?jl=1009473130605"
Principal Software Engineer,Cognex Corporation,182500.0,"Natick, MA","https://www.glassdoor.com/job-listing/principal-software-engineer-cognex-corporation-JV_IC1154630_KO0,27_KE28,46.htm?jl=1009457530875"
"Lead Software Engineer, Full Stack",Capital One,Not available,"Cambridge, MA","https://www.glassdoor.com/job-listing/lead-software-engineer-full-stack-capital-one-JV_IC1154545_KO0,33_KE34,45.htm?jl=1009462719768"
"Lead Software Engineer, Back End",Capital One,Not available,"Cambridge, MA","https://www.glassdoor.com/job-listing/lead-software-engineer-back-end-capital-one-JV_IC1154545_KO0,31_KE32,43.htm?jl=1009533481748"
Senior Software Engineer,Plymouth Rock Assurance,147500.0,"Boston, MA","https://www.glassdoor.com/job-listing/senior-software-engineer-plymouth-rock-assurance-JV_IC1154532_KO0,24_KE25,48.htm?jl=1009500858574"
Principal Software Developer,Cognex Corporation,173000.0,"Natick, MA","https://www.glassdoor.com/job-listing/principal-software-developer-cognex-corporation-JV_IC1154630_KO0,28_KE29,47.htm?jl=1009322459228"
IOS Engineer III,Chewy,Not available,"Boston, MA","https://www.glassdoor.com/job-listing/ios-engineer-iii-chewy-JV_IC1154532_KO0,16_KE17,22.htm?jl=1009523987023"
Python Engineer (Top Secret Clearance),Better Talent Advisors,215000.0,"Boston, MA","https://www.glassdoor.com/job-listing/python-engineer-top-secret-clearance-better-talent-advisors-JV_IC1154532_KO0,36_KE37,59.htm?jl=1008825953276"
Principal Embedded Software Engineer,Cambridge Mobile Telematics,154000.0,"Cambridge, MA","https://www.glassdoor.com/job-listing/principal-embedded-software-engineer-cambridge-mobile-telematics-JV_IC1154545_KO0,36_KE37,64.htm?jl=1009280332745"
Senior Software Engineer,Optikos Corporation,Not available,"Wakefield, MA","https://www.glassdoor.com/job-listing/senior-software-engineer-optikos-corporation-JV_IC1154701_KO0,24_KE25,44.htm?jl=1009533806559"
Head of Product Software,Pison Technology,202500.0,"Boston, MA","https://www.glassdoor.com/job-listing/head-of-product-software-pison-technology-JV_IC1154532_KO0,24_KE25,41.htm?jl=1009274797919"
Principal Software Engineer,DAG Consulting,175000.0,"Boston, MA","https://www.glassdoor.com/job-listing/principal-software-engineer-dag-consulting-JV_IC1154532_KO0,27_KE28,42.htm?jl=1005803481526"
Senior Software Engineer,Recorded Future,148000.0,"Somerville, MA","https://www.glassdoor.com/job-listing/senior-software-engineer-recorded-future-JV_IC1154685_KO0,24_KE25,40.htm?jl=1009512401866"
Senior Software Engineer,Karen Clark & Company,125000.0,"Boston, MA","https://www.glassdoor.com/job-listing/senior-software-engineer-karen-clark-company-JV_IC1154532_KO0,24_KE25,44.htm?jl=1009520826259"
Full-stack Engineer,Apeiron Labs,132000.0,"Cambridge, MA","https://www.glassdoor.com/job-listing/full-stack-engineer-apeiron-labs-JV_IC1154545_KO0,19_KE20,32.htm?jl=1009444294594"
"Principal Software Engineer, Perception",Berkshire Grey,177000.0,"Bedford, MA","https://www.glassdoor.com/job-listing/principal-software-engineer-perception-berkshire-grey-JV_IC1154527_KO0,38_KE39,53.htm?jl=1009405304575"
Full Stack Principal Software Developer,LifeYield,159500.0,"Boston, MA","https://www.glassdoor.com/job-listing/full-stack-principal-software-developer-lifeyield-JV_IC1154532_KO0,39_KE40,49.htm?jl=1009405689625"
Senior Embedded Software Engineer,Cambridge Mobile Telematics,143000.0,"Cambridge, MA","https://www.glassdoor.com/job-listing/senior-embedded-software-engineer-cambridge-mobile-telematics-JV_IC1154545_KO0,33_KE34,61.htm?jl=1009451665289"
Senior Software Engineer (US & Norway),Tive,163500.0,"Boston, MA","https://www.glassdoor.com/job-listing/senior-software-engineer-us-norway-tive-JV_IC1154532_KO0,34_KE35,39.htm?jl=1009549920959"
Senior Software Engineer - Tracking & Estimation,Anduril Industries,195000.0,"Boston, MA","https://www.glassdoor.com/job-listing/senior-software-engineer-tracking-estimation-anduril-industries-JV_IC1154532_KO0,44_KE45,63.htm?jl=1009551656891"
"Software Developer I, Mobile Platforms","enLabel Global Services, Inc",118000.0,"Boston, MA","https://www.glassdoor.com/job-listing/software-developer-i-mobile-platforms-enlabel-global-services-inc-JV_IC1154532_KO0,37_KE38,65.htm?jl=1008704790252"
"Senior Software Engineer, GT Regression",Motional,181000.0,"Boston, MA","https://www.glassdoor.com/job-listing/senior-software-engineer-gt-regression-motional-JV_IC1154532_KO0,38_KE39,47.htm?jl=1009478680496"
Embedded Software Engineer,Rapideagle,135200.0,"Waltham, MA","https://www.glassdoor.com/job-listing/embedded-software-engineer-rapideagle-JV_IC1154703_KO0,26_KE27,37.htm?jl=1009524312085"
"Senior Manager, Software Engineering",SimpliSafe,198500.0,"Boston, MA","https://www.glassdoor.com/job-listing/senior-manager-software-engineering-simplisafe-JV_IC1154532_KO0,35_KE36,46.htm?jl=1009540442917"
Lead Software Engineer - Events,Klaviyo,235000.0,"Boston, MA","https://www.glassdoor.com/job-listing/lead-software-engineer-events-klaviyo-JV_IC1154532_KO0,29_KE30,37.htm?jl=1009538025057"
Senior Java Developer,Janeiro Digital,114500.0,"Boston, MA","https://www.glassdoor.com/job-listing/senior-java-developer-janeiro-digital-JV_IC1154532_KO0,21_KE22,37.htm?jl=1005877024883"
Sr. Software Engineer - Python Generalist,"CytoTronics, Inc.",133500.0,"Boston, MA","https://www.glassdoor.com/job-listing/sr-software-engineer-python-generalist-cytotronics-inc-JV_IC1154532_KO0,38_KE39,54.htm?jl=1009535427636"
Senior Software Engineer,"Intelon Optics, Inc.",Not available,"Woburn, MA","https://www.glassdoor.com/job-listing/senior-software-engineer-intelon-optics-inc-JV_IC1154729_KO0,24_KE25,43.htm?jl=1009517189694"
Software Developer,Acro corp,95000.0,"Lexington, MA","https://www.glassdoor.com/job-listing/software-developer-acro-corp-JV_IC1154599_KO0,18_KE19,28.htm?jl=1009540358119"
Junior Embedded Software Engineer,"General Dynamics Mission Systems, Inc",91500.0,"Dedham, MA","https://www.glassdoor.com/job-listing/junior-embedded-software-engineer-general-dynamics-mission-systems-inc-JV_IC1154556_KO0,33_KE34,70.htm?jl=1009384902667"
Java Developer - Graphics / Simulation Development,Motion Recruitment,156000.0,"Boston, MA","https://www.glassdoor.com/job-listing/java-developer-graphics-simulation-development-motion-recruitment-JV_IC1154532_KO0,46_KE47,65.htm?jl=1009524524116"
Lead Full Stack Software Engineer,National Grid,171000.0,"Waltham, MA","https://www.glassdoor.com/job-listing/lead-full-stack-software-engineer-national-grid-JV_IC1154703_KO0,33_KE34,47.htm?jl=1009533345261"
"Distinguished Software Engineer, Detection & Response",Rapid7,190500.0,"Boston, MA","https://www.glassdoor.com/job-listing/distinguished-software-engineer-detection-response-rapid7-JV_IC1154532_KO0,50_KE51,57.htm?jl=1009524714803"
Software Engineering Manager-Platform - Surgical Robotics,Medtronic,188000.0,"Boston, MA","https://www.glassdoor.com/job-listing/software-engineering-manager-platform-surgical-robotics-medtronic-JV_IC1154532_KO0,55_KE56,65.htm?jl=1009529370461"
Principal Software Developer,Oracle,174500.0,"Burlington, MA","https://www.glassdoor.com/job-listing/principal-software-developer-oracle-JV_IC1154543_KO0,28_KE29,35.htm?jl=1009395459800"
Informatics Software Engineer,Rheos Medicines,124000.0,"Cambridge, MA","https://www.glassdoor.com/job-listing/informatics-software-engineer-rheos-medicines-JV_IC1154545_KO0,29_KE30,45.htm?jl=1006954978123"
Senior Software Engineer - Electrophysiology,Boston Scientific Corporation,Not available,"Waltham, MA","https://www.glassdoor.com/job-listing/senior-software-engineer-electrophysiology-boston-scientific-corporation-JV_IC1154703_KO0,42_KE43,72.htm?jl=1009406796946"
Chief Engineer - Software,MORSE Corp,172500.0,"Cambridge, MA","https://www.glassdoor.com/job-listing/chief-engineer-software-morse-corp-JV_IC1154545_KO0,23_KE24,34.htm?jl=1009050796916"
Senior Software Engineer -,General Radar Corp.,167000.0,"Boston, MA","https://www.glassdoor.com/job-listing/senior-software-engineer-general-radar-corp-JV_IC1154532_KO0,24_KE25,43.htm?jl=1009124418289"
Staff Software Engineer,Pison Technology,175000.0,"Boston, MA","https://www.glassdoor.com/job-listing/staff-software-engineer-pison-technology-JV_IC1154532_KO0,23_KE24,40.htm?jl=1009515492640"
Senior Release Engineer,MathWorks,133500.0,"Natick, MA","https://www.glassdoor.com/job-listing/senior-release-engineer-mathworks-JV_IC1154630_KO0,23_KE24,33.htm?jl=1009536892177"
Software Engineer Officer,State Street,97500.0,"Quincy, MA","https://www.glassdoor.com/job-listing/software-engineer-officer-state-street-JV_IC1154667_KO0,25_KE26,38.htm?jl=1009196504350"
Embedded Software Engineer,Aircuity,105500.0,"Newton, MA","https://www.glassdoor.com/job-listing/embedded-software-engineer-aircuity-JV_IC1154636_KO0,26_KE27,35.htm?jl=1009453366710"
Software Analyst (XML / Perl),CAE Solutions Corporation,95500.0,"Burlington, MA","https://www.glassdoor.com/job-listing/software-analyst-xml-perl-cae-solutions-corporation-JV_IC1154543_KO0,25_KE26,51.htm?jl=1005707186508"
Principal Software Engineer,Generate Biomedicines,176500.0,"Somerville, MA","https://www.glassdoor.com/job-listing/principal-software-engineer-generate-biomedicines-JV_IC1154685_KO0,27_KE28,49.htm?jl=1009482534870"
"Software Development Engineer, Officer, Onsite",State Street,92500.0,"Quincy, MA","https://www.glassdoor.com/job-listing/software-development-engineer-officer-onsite-state-street-JV_IC1154667_KO0,44_KE45,57.htm?jl=1009400333970"
Senior MATLAB Product Manager - Software Development,MathWorks,144500.0,"Natick, MA","https://www.glassdoor.com/job-listing/senior-matlab-product-manager-software-development-mathworks-JV_IC1154630_KO0,50_KE51,60.htm?jl=1009111290402"
Senior Software Engineer,Man Group,147500.0,"Boston, MA","https://www.glassdoor.com/job-listing/senior-software-engineer-man-group-JV_IC1154532_KO0,24_KE25,34.htm?jl=1008829963991"
PRINCIPAL DEVELOPER,LiquidX,148500.0,"Boston, MA","https://www.glassdoor.com/job-listing/principal-developer-liquidx-JV_IC1154532_KO0,19_KE20,27.htm?jl=1009472936420"
"Senior Software Engineer, Search",Google,Not available,"Cambridge, MA","https://www.glassdoor.com/job-listing/senior-software-engineer-search-google-JV_IC1154545_KO0,31_KE32,38.htm?jl=1009543920893"
Software Development Manager - Electrophysiology,Boston Scientific Corporation,172500.0,"Waltham, MA","https://www.glassdoor.com/job-listing/software-development-manager-electrophysiology-boston-scientific-corporation-JV_IC1154703_KO0,46_KE47,76.htm?jl=1009524023448"
Software Engineer,STR,107500.0,"Woburn, MA","https://www.glassdoor.com/job-listing/software-engineer-str-JV_IC1154729_KO0,17_KE18,21.htm?jl=1009504216824"
"Software Engineering Manager - Marketing & Service (Open to Boston, Atlanta, Beaverton location)",Converse,122500.0,"Boston, MA","https://www.glassdoor.com/job-listing/software-engineering-manager-marketing-service-open-to-boston-atlanta-beaverton-location-converse-JV_IC1154532_KO0,88_KE89,97.htm?jl=1009527164637"
"Sr Software Engineer - Retail (Open to Boston, Atlanta, Beaverton location)",Converse,89500.0,"Boston, MA","https://www.glassdoor.com/job-listing/sr-software-engineer-retail-open-to-boston-atlanta-beaverton-location-converse-JV_IC1154532_KO0,69_KE70,78.htm?jl=1009521283177"
"Lead Software Engineer - RPA and PEGA (Open to Boston, Atlanta, Beaverton location)",Converse,98000.0,"Boston, MA","https://www.glassdoor.com/job-listing/lead-software-engineer-rpa-and-pega-open-to-boston-atlanta-beaverton-location-converse-JV_IC1154532_KO0,77_KE78,86.htm?jl=1009525381623"
Development Manager,Worldpay,155000.0,"Burlington, MA","https://www.glassdoor.com/job-listing/development-manager-worldpay-JV_IC1154543_KO0,19_KE20,28.htm?jl=1009546237451"
Senior Front End Engineer - Sponsored Ads,Chewy,Not available,"Boston, MA","https://www.glassdoor.com/job-listing/senior-front-end-engineer-sponsored-ads-chewy-JV_IC1154532_KO0,39_KE40,45.htm?jl=1009538492134"
Principal Control Systems Software Engineer,Northrop Grumman,64500.0,"Malden, MA","https://www.glassdoor.com/job-listing/principal-control-systems-software-engineer-northrop-grumman-JV_IC1154605_KO0,43_KE44,60.htm?jl=1009512695791"
Principal Software Engineer - AI Innovation,CVS Health,216000.0,"Wellesley, MA","https://www.glassdoor.com/job-listing/principal-software-engineer-ai-innovation-cvs-health-JV_IC1154708_KO0,41_KE42,52.htm?jl=1009528539106"
"Senior Software Engineer, Observability",Roku,211500.0,"Boston, MA","https://www.glassdoor.com/job-listing/senior-software-engineer-observability-roku-JV_IC1154532_KO0,38_KE39,43.htm?jl=1009400989774"
Software Development Engineer in Test,Pickle Robot Company,128000.0,"Cambridge, MA","https://www.glassdoor.com/job-listing/software-development-engineer-in-test-pickle-robot-company-JV_IC1154545_KO0,37_KE38,58.htm?jl=1009535510436"
Software Engineer II - Electrophysiology,Boston Scientific Corporation,Not available,"Waltham, MA","https://www.glassdoor.com/job-listing/software-engineer-ii-electrophysiology-boston-scientific-corporation-JV_IC1154703_KO0,38_KE39,68.htm?jl=1009406796650"
Software Engineer - Perception,Zoox,212500.0,"Boston, MA","https://www.glassdoor.com/job-listing/software-engineer-perception-zoox-JV_IC1154532_KO0,28_KE29,33.htm?jl=1009338918024"
Senior Embedded Software Engineer,Motional,180000.0,"Boston, MA","https://www.glassdoor.com/job-listing/senior-embedded-software-engineer-motional-JV_IC1154532_KO0,33_KE34,42.htm?jl=1009551360602"
Sr. Software Engineer - Internet of Things (IoT),Bosch Group,107500.0,"Watertown, MA","https://www.glassdoor.com/job-listing/sr-software-engineer-internet-of-things-iot-bosch-group-JV_IC1154705_KO0,43_KE44,55.htm?jl=1009491140263"
Senior Software Engineer - Full Stack,Harvard University,Not available,"Cambridge, MA","https://www.glassdoor.com/job-listing/senior-software-engineer-full-stack-harvard-university-JV_IC1154545_KO0,35_KE36,54.htm?jl=1009533638035"
TECHNICAL DIRECTOR,Disbelief,138000.0,"Cambridge, MA","https://www.glassdoor.com/job-listing/technical-director-disbelief-JV_IC1154545_KO0,18_KE19,28.htm?jl=1009535291182"
Lead Software Engineer - SRE,Klaviyo,235000.0,"Boston, MA","https://www.glassdoor.com/job-listing/lead-software-engineer-sre-klaviyo-JV_IC1154532_KO0,26_KE27,34.htm?jl=1009520854017"
Principal Software Engineer Onshape - 3D Graphics,PTC Inc.,136000.0,"Boston, MA","https://www.glassdoor.com/job-listing/principal-software-engineer-onshape-3d-graphics-ptc-inc-JV_IC1154532_KO0,47_KE48,55.htm?jl=1009473367967"
Software Engineering Manager,"enLabel Global Services, Inc",174000.0,"Boston, MA","https://www.glassdoor.com/job-listing/software-engineering-manager-enlabel-global-services-inc-JV_IC1154532_KO0,28_KE29,56.htm?jl=1008704790140"
Software Engineer (III),Advisor360,105500.0,"Weston, MA","https://www.glassdoor.com/job-listing/software-engineer-iii-advisor360-JV_IC1154721_KO0,21_KE22,32.htm?jl=1009526357218"
Software Engineer - Platform,Anduril Industries,172500.0,"Boston, MA","https://www.glassdoor.com/job-listing/software-engineer-platform-anduril-industries-JV_IC1154532_KO0,26_KE27,45.htm?jl=1009551656985"
"Software Development Engineer (Level 5), AWS Field Experience (AFX)","Amazon Web Services, Inc.",176500.0,"Boston, MA","https://www.glassdoor.com/job-listing/software-development-engineer-level-5-aws-field-experience-afx-amazon-web-services-inc-JV_IC1154532_KO0,62_KE63,86.htm?jl=1009499213005"
"Staff Software Engineer, Embedded Applications (R2655)",SHIELD AI,208000.0,"Boston, MA","https://www.glassdoor.com/job-listing/staff-software-engineer-embedded-applications-r2655-shield-ai-JV_IC1154532_KO0,51_KE52,61.htm?jl=1009150893333"
Producer,CD PROJEKT RED,72000.0,"Boston, MA","https://www.glassdoor.com/job-listing/producer-cd-projekt-red-JV_IC1154532_KO0,8_KE9,23.htm?jl=1009504080467"
"Principal Software Engineer, Architecture",DigitalOcean,226000.0,"Boston, MA","https://www.glassdoor.com/job-listing/principal-software-engineer-architecture-digitalocean-JV_IC1154532_KO0,40_KE41,53.htm?jl=1009504202602"
Senior Software Engineer,Boston Dynamics,150000.0,"Waltham, MA","https://www.glassdoor.com/job-listing/senior-software-engineer-boston-dynamics-JV_IC1154703_KO0,24_KE25,40.htm?jl=1009477293528"
Software Systems Engineer-Technical Staff,MIT Lincoln Laboratory,Not available,"Lexington, MA","https://www.glassdoor.com/job-listing/software-systems-engineer-technical-staff-mit-lincoln-laboratory-JV_IC1154599_KO0,41_KE42,64.htm?jl=1009390767525"
"Senior Software Engineer, AGI Automations",Amazon.com Services LLC,167500.0,"Boston, MA","https://www.glassdoor.com/job-listing/senior-software-engineer-agi-automations-amazon-com-services-llc-JV_IC1154532_KO0,40_KE41,64.htm?jl=1009529663712"
Java Developer,Oxford Global Resources,135200.0,"Boston, MA","https://www.glassdoor.com/job-listing/java-developer-oxford-global-resources-JV_IC1154532_KO0,14_KE15,38.htm?jl=1008779545295"
Embedded Software Engineer,Oxford Global Resources,156000.0,"Waltham, MA","https://www.glassdoor.com/job-listing/embedded-software-engineer-oxford-global-resources-JV_IC1154703_KO0,26_KE27,50.htm?jl=1009128665395"
"PhD Software Engineer, PhD, Early Career, Embedded Systems and Firmware, 2025 start, MSCA",Google,Not available,"Cambridge, MA","https://www.glassdoor.com/job-listing/phd-software-engineer-phd-early-career-embedded-systems-and-firmware-2025-start-msca-google-JV_IC1154545_KO0,84_KE85,91.htm?jl=1009536875751"
Machine Learning Engineer,Arena BioWorks,135500.0,"Cambridge, MA","https://www.glassdoor.com/job-listing/machine-learning-engineer-arena-bioworks-JV_IC1154545_KO0,25_KE26,40.htm?jl=1009411469181"
Manager - Kinematics Software Engineering - Surgical Robotics,Medtronic,188000.0,"Boston, MA","https://www.glassdoor.com/job-listing/manager-kinematics-software-engineering-surgical-robotics-medtronic-JV_IC1154532_KO0,57_KE58,67.htm?jl=1009382147789"
Quality Engineering Developer -Adobe Sign,Adobe,216500.0,"Waltham, MA","https://www.glassdoor.com/job-listing/quality-engineering-developer-adobe-sign-adobe-JV_IC1154703_KO0,40_KE41,46.htm?jl=1009429950932"
Senior Software Cyber Engineer,Draper,157500.0,"Cambridge, MA","https://www.glassdoor.com/job-listing/senior-software-cyber-engineer-draper-JV_IC1154545_KO0,30_KE31,37.htm?jl=1009551309693"
Principal Software Test Engineer - Electrophysiology,Boston Scientific Corporation,170000.0,"Waltham, MA","https://www.glassdoor.com/job-listing/principal-software-test-engineer-electrophysiology-boston-scientific-corporation-JV_IC1154703_KO0,50_KE51,80.htm?jl=1009418226122"
"Software Developer II, MS C#, .net","enLabel Global Services, Inc",102000.0,"Boston, MA","https://www.glassdoor.com/job-listing/software-developer-ii-ms-c-net-enlabel-global-services-inc-JV_IC1154532_KO0,30_KE31,58.htm?jl=1008704790277"
.Principal Backend Engineer - Immutably™,Context Labs,Not available,"Cambridge, MA","https://www.glassdoor.com/job-listing/principal-backend-engineer-immutably-context-labs-JV_IC1154545_KO0,36_KE37,49.htm?jl=1009300545958"
Embedded Software Engineer,Boston Dynamics,132500.0,"Waltham, MA","https://www.glassdoor.com/job-listing/embedded-software-engineer-boston-dynamics-JV_IC1154703_KO0,26_KE27,42.htm?jl=1009529439669"
Global Category Leader - Embedded Software,Aptiv plc,Not available,"Boston, MA","https://www.glassdoor.com/job-listing/global-category-leader-embedded-software-aptiv-plc-JV_IC1154532_KO0,40_KE41,50.htm?jl=1009535340897"
Senior Scientific Software Engineer,Arrayo,126500.0,"Boston, MA","https://www.glassdoor.com/job-listing/senior-scientific-software-engineer-arrayo-JV_IC1154532_KO0,35_KE36,42.htm?jl=1008953583248"
Principle DevOps Engineer,National Grid,158000.0,"Waltham, MA","https://www.glassdoor.com/job-listing/principle-devops-engineer-national-grid-JV_IC1154703_KO0,25_KE26,39.htm?jl=1009469910091"
Test Automation Engineer.,Atlantis IT group,109500.0,"Burlington, MA","https://www.glassdoor.com/job-listing/test-automation-engineer-atlantis-it-group-JV_IC1154543_KO0,24_KE25,42.htm?jl=1009491898677"
"Principal Software Engineer, Devops",Broad Institute,171000.0,"Cambridge, MA","https://www.glassdoor.com/job-listing/principal-software-engineer-devops-broad-institute-JV_IC1154545_KO0,34_KE35,50.htm?jl=1009545155732"
"Site Reliability Engineer, Edge Services",ByteDance,97500.0,"Boston, MA","https://www.glassdoor.com/job-listing/site-reliability-engineer-edge-services-bytedance-JV_IC1154532_KO0,39_KE40,49.htm?jl=1009474875168"
"Software Engineer or Senior Software Engineer, Motion Planning",Berkshire Grey,113500.0,"Bedford, MA","https://www.glassdoor.com/job-listing/software-engineer-or-senior-software-engineer-motion-planning-berkshire-grey-JV_IC1154527_KO0,61_KE62,76.htm?jl=1009537146284"
Senior DevOps Engineer,Bose,143000.0,"Framingham, MA","https://www.glassdoor.com/job-listing/senior-devops-engineer-bose-JV_IC1154571_KO0,22_KE23,27.htm?jl=1009455000362"
Senior Firmware Engineer II,Samsara,179500.0,"Boston, MA","https://www.glassdoor.com/job-listing/senior-firmware-engineer-ii-samsara-JV_IC1154532_KO0,27_KE28,35.htm?jl=1009517554656"
"Sr Software Engineer, Android","Vivint, Inc.",158500.0,"Boston, MA","https://www.glassdoor.com/job-listing/sr-software-engineer-android-vivint-inc-JV_IC1154532_KO0,28_KE29,39.htm?jl=1009543418004"
Lead Software Development Engineer – Java,Sureminds Solutions LLC,122500.0,"Boston, MA","https://www.glassdoor.com/job-listing/lead-software-development-engineer-java-sureminds-solutions-llc-JV_IC1154532_KO0,39_KE40,63.htm?jl=1009540452720"
Senior Full Stack Engineer,Fidelity Investments,132500.0,"Boston, MA","https://www.glassdoor.com/job-listing/senior-full-stack-engineer-fidelity-investments-JV_IC1154532_KO0,26_KE27,47.htm?jl=1009477136489"
Sr. Software Engineer,State Street,130000.0,"Burlington, MA","https://www.glassdoor.com/job-listing/sr-software-engineer-state-street-JV_IC1154543_KO0,20_KE21,33.htm?jl=1009405538998"
"Software Engineering Manager II, Search",Google,Not available,"Cambridge, MA","https://www.glassdoor.com/job-listing/software-engineering-manager-ii-search-google-JV_IC1154545_KO0,38_KE39,45.htm?jl=1009538603094"
Clinical SAS programmer,Katalyst Healthcares & Life Sciences,Not available,"Boston, MA","https://www.glassdoor.com/job-listing/clinical-sas-programmer-katalyst-healthcares-life-sciences-JV_IC1154532_KO0,23_KE24,58.htm?jl=1009474858222"
Senior Software Engineer,Compass,164500.0,"Boston, MA","https://www.glassdoor.com/job-listing/senior-software-engineer-compass-JV_IC1154532_KO0,24_KE25,32.htm?jl=1009519045115"
Senior DevOps Engineer,Commonwealth Financial Network,139500.0,"Waltham, MA","https://www.glassdoor.com/job-listing/senior-devops-engineer-commonwealth-financial-network-JV_IC1154703_KO0,22_KE23,53.htm?jl=1009520062082"
Embedded Software Engineer,"Mayflower Communications Company, Inc",105000.0,"Bedford, MA","https://www.glassdoor.com/job-listing/embedded-software-engineer-mayflower-communications-company-inc-JV_IC1154527_KO0,26_KE27,63.htm?jl=1009540559732"
"Senior Software Engineer - Full Stack, UI",Berkshire Grey,Not available,"Bedford, MA","https://www.glassdoor.com/job-listing/senior-software-engineer-full-stack-ui-berkshire-grey-JV_IC1154527_KO0,38_KE39,53.htm?jl=1009406333822"
Senior Software Engineer,Modus Closing,138500.0,"Boston, MA","https://www.glassdoor.com/job-listing/senior-software-engineer-modus-closing-JV_IC1154532_KO0,24_KE25,38.htm?jl=1009390630470"
Linux Embedded Software Engineer,Privafy,139000.0,"Burlington, MA","https://www.glassdoor.com/job-listing/linux-embedded-software-engineer-privafy-JV_IC1154543_KO0,32_KE33,40.htm?jl=1008985944359"
Software Developer C# and C++,Glow Networks,129000.0,"Boston, MA","https://www.glassdoor.com/job-listing/software-developer-c-and-c-glow-networks-JV_IC1154532_KO0,26_KE27,40.htm?jl=1009517259807"
"Senior Software Engineer I, DevOps",Generate Biomedicines,151500.0,"Somerville, MA","https://www.glassdoor.com/job-listing/senior-software-engineer-i-devops-generate-biomedicines-JV_IC1154685_KO0,33_KE34,55.htm?jl=1009532416133"
Software Engineer: LabVIEW Development Engineer,Nanobiosym,136500.0,"Cambridge, MA","https://www.glassdoor.com/job-listing/software-engineer-labview-development-engineer-nanobiosym-JV_IC1154545_KO0,46_KE47,57.htm?jl=1008177193176"
Senior Front End Developer,Bright Horizons Family Solutions,112500.0,"Newton, MA","https://www.glassdoor.com/job-listing/senior-front-end-developer-bright-horizons-family-solutions-JV_IC1154636_KO0,26_KE27,59.htm?jl=1009506767751"
Dev Opps Engineer-Hybrid,Bright Horizons Family Solutions,117000.0,"Newton, MA","https://www.glassdoor.com/job-listing/dev-opps-engineer-hybrid-bright-horizons-family-solutions-JV_IC1154636_KO0,24_KE25,57.htm?jl=1009480721400"
Senior Software Engineer/C++ Qt Developer *PC 1137,"Miltenyi Biotec, Inc.",126000.0,"Waltham, MA","https://www.glassdoor.com/job-listing/senior-software-engineer-c-qt-developer-pc-1137-miltenyi-biotec-inc-JV_IC1154703_KO0,47_KE48,67.htm?jl=1009437233813"
Machine Learning Engineer,Analog Devices,Not available,"Boston, MA","https://www.glassdoor.com/job-listing/machine-learning-engineer-analog-devices-JV_IC1154532_KO0,25_KE26,40.htm?jl=1009480261777"
RPA Developer,Barrow Wise Consulting,85000.0,"Bedford, MA","https://www.glassdoor.com/job-listing/rpa-developer-barrow-wise-consulting-JV_IC1154527_KO0,13_KE14,36.htm?jl=1008079194754"
"Software Engineering & Development, AVP",State Street,116500.0,"Quincy, MA","https://www.glassdoor.com/job-listing/software-engineering-development-avp-state-street-JV_IC1154667_KO0,36_KE37,49.htm?jl=1009463712463"
Senior Software Quality Assurance Engineer II,LifeYield,122500.0,"Boston, MA","https://www.glassdoor.com/job-listing/senior-software-quality-assurance-engineer-ii-lifeyield-JV_IC1154532_KO0,45_KE46,55.htm?jl=1009405689634"
Sr. Kofax Developer (RPA Developer) :: Remote,CEDENT,99500.0,"Boston, MA","https://www.glassdoor.com/job-listing/sr-kofax-developer-rpa-developer-remote-cedent-JV_IC1154532_KO0,39_KE40,46.htm?jl=1009348596411"
Senior Software Engineer,HPR,138500.0,"Needham, MA","https://www.glassdoor.com/job-listing/senior-software-engineer-hpr-JV_IC1154631_KO0,24_KE25,28.htm?jl=1009118975842"
Senior Software Engineer,DAG Consulting,135000.0,"Boston, MA","https://www.glassdoor.com/job-listing/senior-software-engineer-dag-consulting-JV_IC1154532_KO0,24_KE25,39.htm?jl=1005803481534"
Mobile Developer,Burst Inc.,110000.0,"Lexington, MA","https://www.glassdoor.com/job-listing/mobile-developer-burst-inc-JV_IC1154599_KO0,16_KE17,26.htm?jl=1009387134140"
Embedded System Software Engineer,Delta Search Labs,120000.0,"Cambridge, MA","https://www.glassdoor.com/job-listing/embedded-system-software-engineer-delta-search-labs-JV_IC1154545_KO0,33_KE34,51.htm?jl=1006786608776"
Senior Embedded Software Engineer,Silicon Labs Careers,163500.0,"Boston, MA","https://www.glassdoor.com/job-listing/senior-embedded-software-engineer-silicon-labs-careers-JV_IC1154532_KO0,33_KE34,54.htm?jl=1009507012069"
