title,company,salary,location,link
Coding Expertise for AI Training (Italian),Outlier Ai,78000.0,"Boston, MA","https://www.glassdoor.com/job-listing/coding-expertise-for-ai-training-italian-outlier-ai-JV_IC1154532_KO0,40_KE41,51.htm?jl=1009562281434"
Graphics Software Engineer - (4 years experience req),"Scalable Display Technologies, Inc",120500.0,"Cambridge, MA","https://www.glassdoor.com/job-listing/graphics-software-engineer-4-years-experience-req-scalable-display-technologies-inc-JV_IC1154545_KO0,49_KE50,83.htm?jl=1009508930184"
Software Developer - AI Trainer,DataAnnotation,83200.0,"Boston, MA","https://www.glassdoor.com/job-listing/software-developer-ai-trainer-dataannotation-JV_IC1154532_KO0,29_KE30,44.htm?jl=1009556241633"
Lead Software Engineer - Machine Learning,Fidelity TalentSource,145500.0,"Boston, MA","https://www.glassdoor.com/job-listing/lead-software-engineer-machine-learning-fidelity-talentsource-JV_IC1154532_KO0,39_KE40,61.htm?jl=1009268193812"
Senior Software Engineer (Golang),Capital One,,"Cambridge, MA","https://www.glassdoor.com/job-listing/senior-software-engineer-golang-capital-one-JV_IC1154545_KO0,31_KE32,43.htm?jl=1009552846479"
Software Engineer,Cogo Labs,137000.0,"Cambridge, MA","https://www.glassdoor.com/job-listing/software-engineer-cogo-labs-JV_IC1154545_KO0,17_KE18,27.htm?jl=1009489668886"
Cybersecurity / DevOps Engineer - Ping / Entra,Liberty Mutual,114500.0,"Boston, MA","https://www.glassdoor.com/job-listing/cybersecurity-devops-engineer-ping-entra-liberty-mutual-JV_IC1154532_KO0,40_KE41,55.htm?jl=1009554755404"
Software Engineer,Snyk,108500.0,"Boston, MA","https://www.glassdoor.com/job-listing/software-engineer-snyk-JV_IC1154532_KO0,17_KE18,22.htm?jl=1009540589622"
Associate Software Engineer: Free and Open-source Biological Imaging Software,Broad Institute,58000.0,"Cambridge, MA","https://www.glassdoor.com/job-listing/associate-software-engineer-free-and-open-source-biological-imaging-software-broad-institute-JV_IC1154545_KO0,76_KE77,92.htm?jl=1009564100211"
Senior Software Engineer (C++/QT),Motion Recruitment,132500.0,"Boston, MA","https://www.glassdoor.com/job-listing/senior-software-engineer-c-qt-motion-recruitment-JV_IC1154532_KO0,29_KE30,48.htm?jl=1009567998029"
Senior Software Engineer - DevSecOps,MFS Investment Management,149000.0,"Boston, MA","https://www.glassdoor.com/job-listing/senior-software-engineer-devsecops-mfs-investment-management-JV_IC1154532_KO0,34_KE35,60.htm?jl=1009453264686"
Software Engineer (Back end),Broad Institute,108000.0,"Cambridge, MA","https://www.glassdoor.com/job-listing/software-engineer-back-end-broad-institute-JV_IC1154545_KO0,26_KE27,42.htm?jl=1009519349791"
Full-stack Software Engineer,John Hancock,122500.0,"Boston, MA","https://www.glassdoor.com/job-listing/full-stack-software-engineer-john-hancock-JV_IC1154532_KO0,28_KE29,41.htm?jl=1009570624889"
"Senior Manager, Software Engineering, Back End",Capital One,,"Cambridge, MA","https://www.glassdoor.com/job-listing/senior-manager-software-engineering-back-end-capital-one-JV_IC1154545_KO0,44_KE45,56.htm?jl=1009533481725"
Embedded Software Engineer,H2Ok Innovations,,"Somerville, MA","https://www.glassdoor.com/job-listing/embedded-software-engineer-h2ok-innovations-JV_IC1154685_KO0,26_KE27,43.htm?jl=1009556214970"
Associate Software Engineer,"LinkSquares, Inc.",,"Boston, MA","https://www.glassdoor.com/job-listing/associate-software-engineer-linksquares-inc-JV_IC1154532_KO0,27_KE28,43.htm?jl=1009555903424"
Senior Frontend Engineer (React and TypeScript),Motion Recruitment,165000.0,"Boston, MA","https://www.glassdoor.com/job-listing/senior-frontend-engineer-react-and-typescript-motion-recruitment-JV_IC1154532_KO0,45_KE46,64.htm?jl=1009534217596"
"Quantitative Developer, Associate",Arrowstreet Capital,,"Boston, MA","https://www.glassdoor.com/job-listing/quantitative-developer-associate-arrowstreet-capital-JV_IC1154532_KO0,32_KE33,52.htm?jl=1009463844000"
Software Engineer,Keystone Strategy,150000.0,"Boston, MA","https://www.glassdoor.com/job-listing/software-engineer-keystone-strategy-JV_IC1154532_KO0,17_KE18,35.htm?jl=1009558461896"
Lead Machine Learning Engineer,Capital One,,"Cambridge, MA","https://www.glassdoor.com/job-listing/lead-machine-learning-engineer-capital-one-JV_IC1154545_KO0,30_KE31,42.htm?jl=1009480420401"
"Full Stack Engineer, Investment Systems Engineering",Arrowstreet Capital,138500.0,"Boston, MA","https://www.glassdoor.com/job-listing/full-stack-engineer-investment-systems-engineering-arrowstreet-capital-JV_IC1154532_KO0,50_KE51,70.htm?jl=1009569764637"
Software Engineer,"Red Hat, Inc.",135000.0,"Boston, MA","https://www.glassdoor.com/job-listing/software-engineer-red-hat-inc-JV_IC1154532_KO0,17_KE18,29.htm?jl=1009568211760"
Senior Software Engineer,Karen Clark & Company,125000.0,"Boston, MA","https://www.glassdoor.com/job-listing/senior-software-engineer-karen-clark-company-JV_IC1154532_KO0,24_KE25,44.htm?jl=1009520826259"
"Senior Software Engineer, DevOps",Capital One,,"Cambridge, MA","https://www.glassdoor.com/job-listing/senior-software-engineer-devops-capital-one-JV_IC1154545_KO0,31_KE32,43.htm?jl=1009483949449"
Senior DevOps,Motion Recruitment,135000.0,"Boston, MA","https://www.glassdoor.com/job-listing/senior-devops-motion-recruitment-JV_IC1154532_KO0,13_KE14,32.htm?jl=1009569031677"
"Software Engineer I, Android SDK",Cambridge Mobile Telematics,118500.0,"Cambridge, MA","https://www.glassdoor.com/job-listing/software-engineer-i-android-sdk-cambridge-mobile-telematics-JV_IC1154545_KO0,31_KE32,59.htm?jl=1009200680985"
"Senior Software Engineer (Backend, Core Physiology Training Team)",WHOOP,138500.0,"Boston, MA","https://www.glassdoor.com/job-listing/senior-software-engineer-backend-core-physiology-training-team-whoop-JV_IC1154532_KO0,62_KE63,68.htm?jl=1009558778117"
Lead Developer,Axiom Learning Inc,87500.0,Massachusetts,"https://www.glassdoor.com/job-listing/lead-developer-axiom-learning-inc-JV_KO0,14_KE15,33.htm?jl=1009538351085"
Software Engineer,Escher Group,124000.0,"Boston, MA","https://www.glassdoor.com/job-listing/software-engineer-escher-group-JV_IC1154532_KO0,17_KE18,30.htm?jl=1009556506290"
Autonomous Vehicle Software Engineer,Aurora Flight Sciences,98000.0,"Cambridge, MA","https://www.glassdoor.com/job-listing/autonomous-vehicle-software-engineer-aurora-flight-sciences-JV_IC1154545_KO0,36_KE37,59.htm?jl=1009565118846"
Python Software Engineer,MORSE Corp,143000.0,"Cambridge, MA","https://www.glassdoor.com/job-listing/python-software-engineer-morse-corp-JV_IC1154545_KO0,24_KE25,35.htm?jl=1009326604486"
Founding iOS Engineer,Motion Recruitment,105000.0,"Boston, MA","https://www.glassdoor.com/job-listing/founding-ios-engineer-motion-recruitment-JV_IC1154532_KO0,21_KE22,40.htm?jl=1009567998028"
Test Automation Engineer (embedded system),Capgemini,118500.0,"Boston, MA","https://www.glassdoor.com/job-listing/test-automation-engineer-embedded-system-capgemini-JV_IC1154532_KO0,40_KE41,50.htm?jl=1009529906768"
"Senior Manager, Software Engineering, Full Stack",Capital One,,"Cambridge, MA","https://www.glassdoor.com/job-listing/senior-manager-software-engineering-full-stack-capital-one-JV_IC1154545_KO0,46_KE47,58.htm?jl=1009498241791"
"Lead Software Engineer, Full Stack",Capital One,,"Cambridge, MA","https://www.glassdoor.com/job-listing/lead-software-engineer-full-stack-capital-one-JV_IC1154545_KO0,33_KE34,45.htm?jl=1009531159446"
"Senior Software Engineer, Child Education, .NET/Azure/Azure DevOps",Motion Recruitment,127500.0,"Boston, MA","https://www.glassdoor.com/job-listing/senior-software-engineer-child-education-net-azure-azure-devops-motion-recruitment-JV_IC1154532_KO0,63_KE64,82.htm?jl=1009538373768"
Java Full Stack Lead,Infosys,98000.0,"Boston, MA","https://www.glassdoor.com/job-listing/java-full-stack-lead-infosys-JV_IC1154532_KO0,20_KE21,28.htm?jl=1009534015985"
Java Fullstack Developer,Infosys,109000.0,"Boston, MA","https://www.glassdoor.com/job-listing/java-fullstack-developer-infosys-JV_IC1154532_KO0,24_KE25,32.htm?jl=1009567487444"
Senior level C++ Robotics Engineer - Humanoid Robotics,Motion Recruitment,155000.0,"Boston, MA","https://www.glassdoor.com/job-listing/senior-level-c-robotics-engineer-humanoid-robotics-motion-recruitment-JV_IC1154532_KO0,50_KE51,69.htm?jl=1009569372672"
C++ Embedded and Application Developer,Motion Recruitment,125000.0,"Boston, MA","https://www.glassdoor.com/job-listing/c-embedded-and-application-developer-motion-recruitment-JV_IC1154532_KO0,36_KE37,55.htm?jl=1009562110266"
Sr. Oracle HCM Cloud Techno-Functional Consultant (HCM Developer V),ManTech,,United States,"https://www.glassdoor.com/job-listing/sr-oracle-hcm-cloud-techno-functional-consultant-hcm-developer-v-mantech-JV_KO0,64_KE65,72.htm?jl=1009536807229"
"Database Programmer Analyst, Advance Program Services",MIT,101000.0,"Cambridge, MA","https://www.glassdoor.com/job-listing/database-programmer-analyst-advance-program-services-mit-JV_IC1154545_KO0,52_KE53,56.htm?jl=1009570753509"
Junior Embedded Vulnerability Researcher,Draper,100000.0,"Cambridge, MA","https://www.glassdoor.com/job-listing/junior-embedded-vulnerability-researcher-draper-JV_IC1154545_KO0,40_KE41,47.htm?jl=1009453411341"
"Senior Software Engineer, Backend (Trip Processing)",Cambridge Mobile Telematics,121000.0,"Cambridge, MA","https://www.glassdoor.com/job-listing/senior-software-engineer-backend-trip-processing-cambridge-mobile-telematics-JV_IC1154545_KO0,48_KE49,76.htm?jl=1009478973996"
Scientific Software Developer,MIT,105500.0,"Cambridge, MA","https://www.glassdoor.com/job-listing/scientific-software-developer-mit-JV_IC1154545_KO0,29_KE30,33.htm?jl=1009561765481"
"Software Engineer, CAT E&A",Berkshire Hathaway Specialty Insurance,135000.0,"Boston, MA","https://www.glassdoor.com/job-listing/software-engineer-cat-ea-berkshire-hathaway-specialty-insurance-JV_IC1154532_KO0,24_KE25,63.htm?jl=1009554756940"
"Senior Software Engineer, Computer Vision and Robotics",New Balance,128500.0,"Brighton, MA","https://www.glassdoor.com/job-listing/senior-software-engineer-computer-vision-and-robotics-new-balance-JV_IC1154538_KO0,53_KE54,65.htm?jl=1009381248281"
Associate Machine Learning Engineer,Analog Devices,127000.0,"Boston, MA","https://www.glassdoor.com/job-listing/associate-machine-learning-engineer-analog-devices-JV_IC1154532_KO0,35_KE36,50.htm?jl=1009480261749"
"Software Dev Engineer II, Jobs Domain Infrastrucure",Amazon.com Services LLC,133500.0,"Boston, MA","https://www.glassdoor.com/job-listing/software-dev-engineer-ii-jobs-domain-infrastrucure-amazon-com-services-llc-JV_IC1154532_KO0,50_KE51,74.htm?jl=1009568103891"
Software Engineer II,SimpliSafe,129000.0,"Boston, MA","https://www.glassdoor.com/job-listing/software-engineer-ii-simplisafe-JV_IC1154532_KO0,20_KE21,31.htm?jl=1009563884086"
Software Engineer II,Chewy,,"Boston, MA","https://www.glassdoor.com/job-listing/software-engineer-ii-chewy-JV_IC1154532_KO0,20_KE21,26.htm?jl=1009543087679"
Software Engineer – Applications,Oneiro,118000.0,"Boston, MA","https://www.glassdoor.com/job-listing/software-engineer-applications-oneiro-JV_IC1154532_KO0,30_KE31,37.htm?jl=1007158863770"
"Software Engineer, Google Cloud Computing, Cloud Learning Services",Google,,"Cambridge, MA","https://www.glassdoor.com/job-listing/software-engineer-google-cloud-computing-cloud-learning-services-google-JV_IC1154545_KO0,64_KE65,71.htm?jl=1009518791471"
"Principal Software Engineer II, Data Engineering",Cambridge Mobile Telematics,185500.0,"Cambridge, MA","https://www.glassdoor.com/job-listing/principal-software-engineer-ii-data-engineering-cambridge-mobile-telematics-JV_IC1154545_KO0,47_KE48,75.htm?jl=1009570616824"
"Senior Software Engineer (Backend, Connectivity)",WHOOP,107500.0,"Boston, MA","https://www.glassdoor.com/job-listing/senior-software-engineer-backend-connectivity-whoop-JV_IC1154532_KO0,45_KE46,51.htm?jl=1009480737509"
Data Integration Software Engineer,Derex Technologies Inc,,"Boston, MA","https://www.glassdoor.com/job-listing/data-integration-software-engineer-derex-technologies-inc-JV_IC1154532_KO0,34_KE35,57.htm?jl=1009568609066"
Full Stack Software Engineer,LibertyPay,122500.0,"Boston, MA","https://www.glassdoor.com/job-listing/full-stack-software-engineer-libertypay-JV_IC1154532_KO0,28_KE29,39.htm?jl=1007956580245"
Senior Software Engineer,Snyk,141000.0,"Boston, MA","https://www.glassdoor.com/job-listing/senior-software-engineer-snyk-JV_IC1154532_KO0,24_KE25,29.htm?jl=1009437163178"
Software Quality Engineer,SimpliSafe,108000.0,"Boston, MA","https://www.glassdoor.com/job-listing/software-quality-engineer-simplisafe-JV_IC1154532_KO0,25_KE26,36.htm?jl=1009535427378"
Software Engineer,Delta Search Labs,121000.0,"Cambridge, MA","https://www.glassdoor.com/job-listing/software-engineer-delta-search-labs-JV_IC1154545_KO0,17_KE18,35.htm?jl=1006786608775"
Frontend Software Engineer,Motion Recruitment,,"Boston, MA","https://www.glassdoor.com/job-listing/frontend-software-engineer-motion-recruitment-JV_IC1154532_KO0,26_KE27,45.htm?jl=1009540364027"
SR Software Engineer- Java,Fidelity TalentSource,156000.0,"Boston, MA","https://www.glassdoor.com/job-listing/sr-software-engineer-java-fidelity-talentsource-JV_IC1154532_KO0,25_KE26,47.htm?jl=1009528249716"
Principal UI Engineer (Angular),Motion Recruitment,160000.0,"Boston, MA","https://www.glassdoor.com/job-listing/principal-ui-engineer-angular-motion-recruitment-JV_IC1154532_KO0,29_KE30,48.htm?jl=1009514050968"
Software Developer,MIT,120500.0,"Cambridge, MA","https://www.glassdoor.com/job-listing/software-developer-mit-JV_IC1154545_KO0,18_KE19,22.htm?jl=1009380834394"
Software Engineer,Molten Cloud,,"Cambridge, MA","https://www.glassdoor.com/job-listing/software-engineer-molten-cloud-JV_IC1154545_KO0,17_KE18,30.htm?jl=1009504412463"
Senior Software Quality Engineer,"Red Hat, Inc.",151500.0,"Boston, MA","https://www.glassdoor.com/job-listing/senior-software-quality-engineer-red-hat-inc-JV_IC1154532_KO0,32_KE33,44.htm?jl=1009551393890"
Software Engineer (Machine Learning Team - Boston),Lendbuzz,125000.0,"Boston, MA","https://www.glassdoor.com/job-listing/software-engineer-machine-learning-team-boston-lendbuzz-JV_IC1154532_KO0,46_KE47,55.htm?jl=1009564137550"
Software Engineer,MKT MEDIASTATS,124000.0,"Cambridge, MA","https://www.glassdoor.com/job-listing/software-engineer-mkt-mediastats-JV_IC1154545_KO0,17_KE18,32.htm?jl=1007644559457"
"Lead Software Development Engineer, Android Apps Team",Audible,142000.0,"Cambridge, MA","https://www.glassdoor.com/job-listing/lead-software-development-engineer-android-apps-team-audible-JV_IC1154545_KO0,52_KE53,60.htm?jl=1009533381683"
Senior Software Engineer,LogRocket,,"Boston, MA","https://www.glassdoor.com/job-listing/senior-software-engineer-logrocket-JV_IC1154532_KO0,24_KE25,34.htm?jl=1008546344924"
Senior Software Engineer,Franklin Templeton Investments,167000.0,"Boston, MA","https://www.glassdoor.com/job-listing/senior-software-engineer-franklin-templeton-investments-JV_IC1154532_KO0,24_KE25,55.htm?jl=1009506037396"
Automation Engineer,MIT,102500.0,"Cambridge, MA","https://www.glassdoor.com/job-listing/automation-engineer-mit-JV_IC1154545_KO0,19_KE20,23.htm?jl=1009293113886"
Sr. Full Stack Engineer,Fidelity TalentSource,171600.0,"Boston, MA","https://www.glassdoor.com/job-listing/sr-full-stack-engineer-fidelity-talentsource-JV_IC1154532_KO0,22_KE23,44.htm?jl=1009561790226"
Principal Software Engineer,Broad Institute,172000.0,"Cambridge, MA","https://www.glassdoor.com/job-listing/principal-software-engineer-broad-institute-JV_IC1154545_KO0,27_KE28,43.htm?jl=1009564100208"
Senior Scientific Software Engineer,Arrayo,126500.0,"Boston, MA","https://www.glassdoor.com/job-listing/senior-scientific-software-engineer-arrayo-JV_IC1154532_KO0,35_KE36,42.htm?jl=1008953583248"
Software Developer,VividCloud,105000.0,"Boston, MA","https://www.glassdoor.com/job-listing/software-developer-vividcloud-JV_IC1154532_KO0,18_KE19,29.htm?jl=1009423475139"
"Distinguished Software Engineer, Cloud Security Engineering",Rapid7,176500.0,"Boston, MA","https://www.glassdoor.com/job-listing/distinguished-software-engineer-cloud-security-engineering-rapid7-JV_IC1154532_KO0,58_KE59,65.htm?jl=1009569518995"
"Software Engineer, Portfolio Management Engineering",Arrowstreet Capital,156000.0,"Boston, MA","https://www.glassdoor.com/job-listing/software-engineer-portfolio-management-engineering-arrowstreet-capital-JV_IC1154532_KO0,50_KE51,70.htm?jl=1009458847670"
Software Engineer,DAG Consulting,107500.0,"Boston, MA","https://www.glassdoor.com/job-listing/software-engineer-dag-consulting-JV_IC1154532_KO0,17_KE18,32.htm?jl=1005803481525"
Android Engineer II,WHOOP,121500.0,"Boston, MA","https://www.glassdoor.com/job-listing/android-engineer-ii-whoop-JV_IC1154532_KO0,19_KE20,25.htm?jl=1009560330514"
Principal Performance Software Engineer,Fidelity Investments,156500.0,"Boston, MA","https://www.glassdoor.com/job-listing/principal-performance-software-engineer-fidelity-investments-JV_IC1154532_KO0,39_KE40,60.htm?jl=1009536818571"
Software Engineer,Harvard University,,"Boston, MA","https://www.glassdoor.com/job-listing/software-engineer-harvard-university-JV_IC1154532_KO0,17_KE18,36.htm?jl=1009543438581"
Sr. Software Engineer in Test,"Vivint, Inc.",,"Boston, MA","https://www.glassdoor.com/job-listing/sr-software-engineer-in-test-vivint-inc-JV_IC1154532_KO0,28_KE29,39.htm?jl=1009527730123"
Software Engineer,Formlabs,119000.0,"Somerville, MA","https://www.glassdoor.com/job-listing/software-engineer-formlabs-JV_IC1154685_KO0,17_KE18,26.htm?jl=1009223967492"
"Software Development Engineer, PreStart Domain",Amazon.com Services LLC,135500.0,"Boston, MA","https://www.glassdoor.com/job-listing/software-development-engineer-prestart-domain-amazon-com-services-llc-JV_IC1154532_KO0,45_KE46,69.htm?jl=1009568103944"
SOFTWARE ENGINEER,Airspace Intelligence,124000.0,"Boston, MA","https://www.glassdoor.com/job-listing/software-engineer-airspace-intelligence-JV_IC1154532_KO0,17_KE18,39.htm?jl=1008840803970"
Programmer,Massachusetts General Hospital(MGH),98000.0,"Boston, MA","https://www.glassdoor.com/job-listing/programmer-massachusetts-general-hospital-mgh-JV_IC1154532_KO0,10_KE11,45.htm?jl=1009565258012"
Software Development Engineer in Test,"enLabel Global Services, Inc",123000.0,"Boston, MA","https://www.glassdoor.com/job-listing/software-development-engineer-in-test-enlabel-global-services-inc-JV_IC1154532_KO0,37_KE38,65.htm?jl=1008704790139"
Software Test Engineer,Capgemini,98560.8,"Boston, MA","https://www.glassdoor.com/job-listing/software-test-engineer-capgemini-JV_IC1154532_KO0,22_KE23,32.htm?jl=1009453123310"
Remote Coding Expertise for AI Training (Norwegian),Outlier Ai,78000.0,"Boston, MA","https://www.glassdoor.com/job-listing/remote-coding-expertise-for-ai-training-norwegian-outlier-ai-JV_IC1154532_KO0,49_KE50,60.htm?jl=1009563988920"
Lead React Native Engineer,Motion Recruitment,185000.0,"Boston, MA","https://www.glassdoor.com/job-listing/lead-react-native-engineer-motion-recruitment-JV_IC1154532_KO0,26_KE27,45.htm?jl=1009567998031"
Web Developer,"The New IEM, Llc",,United States,"https://www.glassdoor.com/job-listing/web-developer-the-new-iem-llc-JV_KO0,13_KE14,29.htm?jl=1009373442631"
Senior Software Engineer with SaaS Data Modeling Company - Downtown Boston,Motion Recruitment,132500.0,"Boston, MA","https://www.glassdoor.com/job-listing/senior-software-engineer-with-saas-data-modeling-company-downtown-boston-motion-recruitment-JV_IC1154532_KO0,72_KE73,91.htm?jl=1009533833613"
Electrical IoT Embedded C Developer,Motion Recruitment,117500.0,"Boston, MA","https://www.glassdoor.com/job-listing/electrical-iot-embedded-c-developer-motion-recruitment-JV_IC1154532_KO0,35_KE36,54.htm?jl=1009523337478"
Senior Backend Python Engineer,Motion Recruitment,180000.0,"Cambridge, MA","https://www.glassdoor.com/job-listing/senior-backend-python-engineer-motion-recruitment-JV_IC1154545_KO0,30_KE31,49.htm?jl=1009529654878"
Senior Software Engineer (US & Norway),Tive,164000.0,"Boston, MA","https://www.glassdoor.com/job-listing/senior-software-engineer-us-norway-tive-JV_IC1154532_KO0,34_KE35,39.htm?jl=1009549920959"
Software Development Engineer in Test,Pickle Robot Company,128000.0,"Cambridge, MA","https://www.glassdoor.com/job-listing/software-development-engineer-in-test-pickle-robot-company-JV_IC1154545_KO0,37_KE38,58.htm?jl=1009535510436"
Senior Embedded Software Engineer,Cambridge Mobile Telematics,143000.0,"Cambridge, MA","https://www.glassdoor.com/job-listing/senior-embedded-software-engineer-cambridge-mobile-telematics-JV_IC1154545_KO0,33_KE34,61.htm?jl=1009451665289"
Senior Cloud Engineer,Modulate,150000,"Somerville, MA","https://www.glassdoor.com/job-listing/senior-cloud-engineer-modulate-JV_IC1154685_KO0,21_KE22,30.htm?jl=1009529459944"
"Software Engineer, Task Planning",Pickle Robot Company,,"Cambridge, MA","https://www.glassdoor.com/job-listing/software-engineer-task-planning-pickle-robot-company-JV_IC1154545_KO0,31_KE32,52.htm?jl=1009495816765"
"Software Engineers Cambridge, MA",Dimensional Insight,83500.0,"Cambridge, MA","https://www.glassdoor.com/job-listing/software-engineers-cambridge-ma-dimensional-insight-JV_IC1154545_KO0,31_KE32,51.htm?jl=1009362361094"
Senior Internet Software Engineer,BrickLogix,124500.0,"Somerville, MA","https://www.glassdoor.com/job-listing/senior-internet-software-engineer-bricklogix-JV_IC1154685_KO0,33_KE34,44.htm?jl=1007488961164"
Software Controls Engineer,Pickle Robot Company,127000.0,"Cambridge, MA","https://www.glassdoor.com/job-listing/software-controls-engineer-pickle-robot-company-JV_IC1154545_KO0,26_KE27,47.htm?jl=1009556384954"
Staff Software Engineer,HubSpot,273500.0,"Cambridge, MA","https://www.glassdoor.com/job-listing/staff-software-engineer-hubspot-JV_IC1154545_KO0,23_KE24,31.htm?jl=1009537195421"
SLAM Software Engineer,Pickle Robot Company,125500.0,"Cambridge, MA","https://www.glassdoor.com/job-listing/slam-software-engineer-pickle-robot-company-JV_IC1154545_KO0,22_KE23,43.htm?jl=1009553246630"
DevOps Engineer,Office for Admin and Finance (ANF1000),96000.0,"Boston, MA","https://www.glassdoor.com/job-listing/devops-engineer-office-for-admin-and-finance-anf1000-JV_IC1154532_KO0,15_KE16,52.htm?jl=1009528184681"
C# Engineer,Man Group,86500.0,"Boston, MA","https://www.glassdoor.com/job-listing/c-engineer-man-group-JV_IC1154532_KO0,10_KE11,20.htm?jl=1009563716194"
Informatics Software Engineer,Rheos Medicines,,"Cambridge, MA","https://www.glassdoor.com/job-listing/informatics-software-engineer-rheos-medicines-JV_IC1154545_KO0,29_KE30,45.htm?jl=1006954978123"
Software Engineer (AI-Based IDE Plugins),"Red Hat, Inc.",135000.0,"Boston, MA","https://www.glassdoor.com/job-listing/software-engineer-ai-based-ide-plugins-red-hat-inc-JV_IC1154532_KO0,38_KE39,50.htm?jl=1009565527390"
Machine Learning Engineer,Toyota Research Institute,136000.0,"Cambridge, MA","https://www.glassdoor.com/job-listing/machine-learning-engineer-toyota-research-institute-JV_IC1154545_KO0,25_KE26,51.htm?jl=1009532630506"
Java Developer,Intone Networks,103000.0,"Boston, MA","https://www.glassdoor.com/job-listing/java-developer-intone-networks-JV_IC1154532_KO0,14_KE15,30.htm?jl=1009550211176"
"Sr. Machine Learning Engineer II, AI Agent",HubSpot,142500.0,"Cambridge, MA","https://www.glassdoor.com/job-listing/sr-machine-learning-engineer-ii-ai-agent-hubspot-JV_IC1154545_KO0,40_KE41,48.htm?jl=1009549580272"
Software Engineer (C++),Veson Nautical,99500.0,"Boston, MA","https://www.glassdoor.com/job-listing/software-engineer-c-veson-nautical-JV_IC1154532_KO0,19_KE20,34.htm?jl=1009564143555"
Digital Web Developer,Veeva Systems,115000.0,"Boston, MA","https://www.glassdoor.com/job-listing/digital-web-developer-veeva-systems-JV_IC1154532_KO0,21_KE22,35.htm?jl=1009567962118"
Senior Cloud Engineer,John Hancock,146000.0,"Boston, MA","https://www.glassdoor.com/job-listing/senior-cloud-engineer-john-hancock-JV_IC1154532_KO0,21_KE22,34.htm?jl=1009570624871"
Diagnostic Software Engineer,Lextel,122500.0,"Boston, MA","https://www.glassdoor.com/job-listing/diagnostic-software-engineer-lextel-JV_IC1154532_KO0,28_KE29,35.htm?jl=1006292335706"
Senior Machine Learning Engineer I,Broad Institute,136000.0,"Cambridge, MA","https://www.glassdoor.com/job-listing/senior-machine-learning-engineer-i-broad-institute-JV_IC1154545_KO0,34_KE35,50.htm?jl=1009483725874"
"Senior Software Engineer (Backend, Growth)",WHOOP,139500.0,"Boston, MA","https://www.glassdoor.com/job-listing/senior-software-engineer-backend-growth-whoop-JV_IC1154532_KO0,39_KE40,45.htm?jl=1009407749874"
"Principal Software Quality Engineer, InstructLab","Red Hat, Inc.",169500.0,"Boston, MA","https://www.glassdoor.com/job-listing/principal-software-quality-engineer-instructlab-red-hat-inc-JV_IC1154532_KO0,47_KE48,59.htm?jl=1009559001537"
DevOps Manager,Motion Recruitment,147500.0,"Boston, MA","https://www.glassdoor.com/job-listing/devops-manager-motion-recruitment-JV_IC1154532_KO0,14_KE15,33.htm?jl=1009540816172"
"Manager, Software Engineering, Back End",Capital One,,"Cambridge, MA","https://www.glassdoor.com/job-listing/manager-software-engineering-back-end-capital-one-JV_IC1154545_KO0,37_KE38,49.htm?jl=1009533481716"
Software Developer,"The New IEM, Llc",,United States,"https://www.glassdoor.com/job-listing/software-developer-the-new-iem-llc-JV_KO0,18_KE19,34.htm?jl=1009373442630"
QT Embedded Engineer,Motion Recruitment,125000.0,"Boston, MA","https://www.glassdoor.com/job-listing/qt-embedded-engineer-motion-recruitment-JV_IC1154532_KO0,20_KE21,39.htm?jl=1009535013672"
Principal Backend Node Engineer,Motion Recruitment,197500.0,"Boston, MA","https://www.glassdoor.com/job-listing/principal-backend-node-engineer-motion-recruitment-JV_IC1154532_KO0,31_KE32,50.htm?jl=1009532314096"
C++ IoT Embedded Engineer,Motion Recruitment,130000.0,"Boston, MA","https://www.glassdoor.com/job-listing/c-iot-embedded-engineer-motion-recruitment-JV_IC1154532_KO0,23_KE24,42.htm?jl=1009524524114"
Sr Software Engineer - DCT Team,SimpliSafe,183000.0,"Boston, MA","https://www.glassdoor.com/job-listing/sr-software-engineer-dct-team-simplisafe-JV_IC1154532_KO0,29_KE30,40.htm?jl=1009497048362"
Sr. Software Engineer,InsideTracker,156500.0,"Cambridge, MA","https://www.glassdoor.com/job-listing/sr-software-engineer-insidetracker-JV_IC1154545_KO0,20_KE21,34.htm?jl=1007765157295"
Software Engineer,Harvard University,,"Cambridge, MA","https://www.glassdoor.com/job-listing/software-engineer-harvard-university-JV_IC1154545_KO0,17_KE18,36.htm?jl=1009504220279"
Senior Software Engineer,Harvard University,,"Cambridge, MA","https://www.glassdoor.com/job-listing/senior-software-engineer-harvard-university-JV_IC1154545_KO0,24_KE25,43.htm?jl=1009562273367"
Über C# dev,Window Book,,"Cambridge, MA","https://www.glassdoor.com/job-listing/%C3%BCber-c-dev-window-book-JV_IC1154545_KO0,10_KE11,22.htm?jl=1006187164381"
Senior Software Cyber Engineer,Draper,157500.0,"Cambridge, MA","https://www.glassdoor.com/job-listing/senior-software-cyber-engineer-draper-JV_IC1154545_KO0,30_KE31,37.htm?jl=1009551309693"
Senior Backend Software Engineer,S&P Global,187500.0,"Cambridge, MA","https://www.glassdoor.com/job-listing/senior-backend-software-engineer-sp-global-JV_IC1154545_KO0,32_KE33,42.htm?jl=1009469533492"
Sr. Software Engineer - Release Engineering,HashiCorp,191500.0,"Boston, MA","https://www.glassdoor.com/job-listing/sr-software-engineer-release-engineering-hashicorp-JV_IC1154532_KO0,40_KE41,50.htm?jl=1009570842779"
Senior Software Engineer,Hi Marley,,"Boston, MA","https://www.glassdoor.com/job-listing/senior-software-engineer-hi-marley-JV_IC1154532_KO0,24_KE25,34.htm?jl=1009535195761"
"Software Engineer, Platform - DataLake",Athenahealth,126000.0,"Boston, MA","https://www.glassdoor.com/job-listing/software-engineer-platform-datalake-athenahealth-JV_IC1154532_KO0,35_KE36,48.htm?jl=1009496790865"
"Staff Software Engineer (Backend, Platform)",WHOOP,189500.0,"Boston, MA","https://www.glassdoor.com/job-listing/staff-software-engineer-backend-platform-whoop-JV_IC1154532_KO0,40_KE41,46.htm?jl=1009457456112"
Python Developer,Business Integra,104000.0,"Boston, MA","https://www.glassdoor.com/job-listing/python-developer-business-integra-JV_IC1154532_KO0,16_KE17,33.htm?jl=1009542278684"
Principal Embedded Software Engineer,Cambridge Mobile Telematics,154000.0,"Cambridge, MA","https://www.glassdoor.com/job-listing/principal-embedded-software-engineer-cambridge-mobile-telematics-JV_IC1154545_KO0,36_KE37,64.htm?jl=1009280332745"
Senior Software Engineer,Fidelity Investments,134500.0,"Boston, MA","https://www.glassdoor.com/job-listing/senior-software-engineer-fidelity-investments-JV_IC1154532_KO0,24_KE25,45.htm?jl=1009448404040"
Full Stack Engineer,Skyward Federal,118500.0,"Boston, MA","https://www.glassdoor.com/job-listing/full-stack-engineer-skyward-federal-JV_IC1154532_KO0,19_KE20,35.htm?jl=1009560499810"
"Software Engineer II, Catalog Submissions",Wayfair,,"Boston, MA","https://www.glassdoor.com/job-listing/software-engineer-ii-catalog-submissions-wayfair-JV_IC1154532_KO0,40_KE41,48.htm?jl=1009562128756"
Full Stack Software Engineer,Rover,108000.0,"Boston, MA","https://www.glassdoor.com/job-listing/full-stack-software-engineer-rover-JV_IC1154532_KO0,28_KE29,34.htm?jl=1009347950191"
"Senior Software Engineer, Secure Public Cloud (AWS)",Liberty Mutual,146000.0,"Boston, MA","https://www.glassdoor.com/job-listing/senior-software-engineer-secure-public-cloud-aws-liberty-mutual-JV_IC1154532_KO0,48_KE49,63.htm?jl=1009566828282"
"Senior Software Engineer II, Android Engineering",Axon,165000.0,"Boston, MA","https://www.glassdoor.com/job-listing/senior-software-engineer-ii-android-engineering-axon-JV_IC1154532_KO0,47_KE48,52.htm?jl=1009569452312"
Mobile Developer,Motion Recruitment,,"Boston, MA","https://www.glassdoor.com/job-listing/mobile-developer-motion-recruitment-JV_IC1154532_KO0,16_KE17,35.htm?jl=1009554249939"
Global IT Software Engineer Senior Manager - Gen AI/ LLM SDK,Boston Consulting Group,149500.0,"Boston, MA","https://www.glassdoor.com/job-listing/global-it-software-engineer-senior-manager-gen-ai-llm-sdk-boston-consulting-group-JV_IC1154532_KO0,57_KE58,81.htm?jl=1009526962826"
Machine Learning Engineer III,Chewy,,"Boston, MA","https://www.glassdoor.com/job-listing/machine-learning-engineer-iii-chewy-JV_IC1154532_KO0,29_KE30,35.htm?jl=1009503465183"
Senior Software Engineer - Inventory Management,Crunchtime,151000.0,"Boston, MA","https://www.glassdoor.com/job-listing/senior-software-engineer-inventory-management-crunchtime-JV_IC1154532_KO0,45_KE46,56.htm?jl=1009554874022"
Applications Web Developer,HNTB Corporation,84000.0,"Boston, MA","https://www.glassdoor.com/job-listing/applications-web-developer-hntb-corporation-JV_IC1154532_KO0,26_KE27,43.htm?jl=1009554712335"
Staff Software Engineer,Snyk,170000.0,"Boston, MA","https://www.glassdoor.com/job-listing/staff-software-engineer-snyk-JV_IC1154532_KO0,23_KE24,28.htm?jl=1009506861541"
"Associate Staff Engineer, IOT",Nagarro,124000.0,"Boston, MA","https://www.glassdoor.com/job-listing/associate-staff-engineer-iot-nagarro-JV_IC1154532_KO0,28_KE29,36.htm?jl=1009013232015"
Principal Software Engineer,"Red Hat, Inc.",216500.0,"Boston, MA","https://www.glassdoor.com/job-listing/principal-software-engineer-red-hat-inc-JV_IC1154532_KO0,27_KE28,39.htm?jl=1009565224195"
Senior Cloud Engineer,Arrowstreet Capital,,"Boston, MA","https://www.glassdoor.com/job-listing/senior-cloud-engineer-arrowstreet-capital-JV_IC1154532_KO0,21_KE22,41.htm?jl=1009063292881"
Research Software Developer,Boston Children's Hospital,88000.0,"Boston, MA","https://www.glassdoor.com/job-listing/research-software-developer-boston-children-s-hospital-JV_IC1154532_KO0,27_KE28,54.htm?jl=1009561570779"
Senior Embedded Software Engineer,Dandelion Energy,,"Somerville, MA","https://www.glassdoor.com/job-listing/senior-embedded-software-engineer-dandelion-energy-JV_IC1154685_KO0,33_KE34,50.htm?jl=1009520688990"
Staff Software Engineer (Python / AI + ML SaaS),EvolutionIQ,177500.0,"Boston, MA","https://www.glassdoor.com/job-listing/staff-software-engineer-python-ai-ml-saas-evolutioniq-JV_IC1154532_KO0,41_KE42,53.htm?jl=1009517009699"
DevOps/Java Engineer,Intone Networks,107000.0,"Boston, MA","https://www.glassdoor.com/job-listing/devops-java-engineer-intone-networks-JV_IC1154532_KO0,20_KE21,36.htm?jl=1009538319482"
"Senior Software Engineer, International",CarGurus,,"Boston, MA","https://www.glassdoor.com/job-listing/senior-software-engineer-international-cargurus-JV_IC1154532_KO0,38_KE39,47.htm?jl=1009552951724"
Senior Software Engineer,"Quadratic 3D, Inc.",,"Charlestown, MA","https://www.glassdoor.com/job-listing/senior-software-engineer-quadratic-3d-inc-JV_IC1154549_KO0,24_KE25,41.htm?jl=1009012779774"
AWS DevOps With Solaris,Princeton IT Services,98000.0,"Boston, MA","https://www.glassdoor.com/job-listing/aws-devops-with-solaris-princeton-it-services-JV_IC1154532_KO0,23_KE24,45.htm?jl=1009560087585"
Principal Software Engineer (Full Stack),"Red Hat, Inc.",216500.0,"Boston, MA","https://www.glassdoor.com/job-listing/principal-software-engineer-full-stack-red-hat-inc-JV_IC1154532_KO0,38_KE39,50.htm?jl=1009570778345"
"Solutions Engineer, Software (Investments Technology)",Liberty Mutual,194000.0,"Boston, MA","https://www.glassdoor.com/job-listing/solutions-engineer-software-investments-technology-liberty-mutual-JV_IC1154532_KO0,50_KE51,65.htm?jl=1009534978504"
Cloud Engineer,VMC Soft Technologies,,"Boston, MA","https://www.glassdoor.com/job-listing/cloud-engineer-vmc-soft-technologies-JV_IC1154532_KO0,14_KE15,36.htm?jl=1009137725510"
Senior Software Engineer,HqO,138500.0,"Boston, MA","https://www.glassdoor.com/job-listing/senior-software-engineer-hqo-JV_IC1154532_KO0,24_KE25,28.htm?jl=1009442019583"
Creative Developer,Sosolimited,,"Boston, MA","https://www.glassdoor.com/job-listing/creative-developer-sosolimited-JV_IC1154532_KO0,18_KE19,30.htm?jl=1006690112399"
Software Engineer III (AI/ML),Chewy,,"Boston, MA","https://www.glassdoor.com/job-listing/software-engineer-iii-ai-ml-chewy-JV_IC1154532_KO0,27_KE28,33.htm?jl=1009557119984"
FRONTEND ENGINEER,Airspace Intelligence,124500.0,"Boston, MA","https://www.glassdoor.com/job-listing/frontend-engineer-airspace-intelligence-JV_IC1154532_KO0,17_KE18,39.htm?jl=1008840803950"
Software Client Support Engineer,"enLabel Global Services, Inc",109500.0,"Boston, MA","https://www.glassdoor.com/job-listing/software-client-support-engineer-enlabel-global-services-inc-JV_IC1154532_KO0,32_KE33,60.htm?jl=1008704790218"
Software Engineering Manager (C++),Veson Nautical,154000.0,"Boston, MA","https://www.glassdoor.com/job-listing/software-engineering-manager-c-veson-nautical-JV_IC1154532_KO0,30_KE31,45.htm?jl=1009549707953"
Senior Software Engineer,Grand Circle LLC,156500.0,"Boston, MA","https://www.glassdoor.com/job-listing/senior-software-engineer-grand-circle-llc-JV_IC1154532_KO0,24_KE25,41.htm?jl=1009543400007"
Full-stack Engineer,Apeiron Labs,132500.0,"Cambridge, MA","https://www.glassdoor.com/job-listing/full-stack-engineer-apeiron-labs-JV_IC1154545_KO0,19_KE20,32.htm?jl=1009444294594"
Global IT Software Engineer Director & Chapter Lead- Gen AI/LLM,Boston Consulting Group,158500.0,"Boston, MA","https://www.glassdoor.com/job-listing/global-it-software-engineer-director-chapter-lead-gen-ai-llm-boston-consulting-group-JV_IC1154532_KO0,60_KE61,84.htm?jl=1009526962804"
Python Engineer with Golang Experience,Motion Recruitment,180000.0,"Cambridge, MA","https://www.glassdoor.com/job-listing/python-engineer-with-golang-experience-motion-recruitment-JV_IC1154545_KO0,38_KE39,57.htm?jl=1009527714642"
Senior Firmware Engineer/Massachusetts,Motion Recruitment,140000.0,"Boston, MA","https://www.glassdoor.com/job-listing/senior-firmware-engineer-massachusetts-motion-recruitment-JV_IC1154532_KO0,38_KE39,57.htm?jl=1009560352345"
Software Development Engineer,AuriStor,131500.0,"Boston, MA","https://www.glassdoor.com/job-listing/software-development-engineer-auristor-JV_IC1154532_KO0,29_KE30,38.htm?jl=1006230436201"
"Software Engineer, Infrastructure",Meta,177008.0,"Boston, MA","https://www.glassdoor.com/job-listing/software-engineer-infrastructure-meta-JV_IC1154532_KO0,32_KE33,37.htm?jl=1008885487042"
Senior Software Engineer,"Volta Labs, Inc.",143500.0,"Boston, MA","https://www.glassdoor.com/job-listing/senior-software-engineer-volta-labs-inc-JV_IC1154532_KO0,24_KE25,39.htm?jl=1009437671429"
Intermediate Cloud Engineer (AWS Connect),John Hancock,146000.0,"Boston, MA","https://www.glassdoor.com/job-listing/intermediate-cloud-engineer-aws-connect-john-hancock-JV_IC1154532_KO0,39_KE40,52.htm?jl=1009570624423"
Senior Software Engineer,"Red Hat, Inc.",169500.0,"Boston, MA","https://www.glassdoor.com/job-listing/senior-software-engineer-red-hat-inc-JV_IC1154532_KO0,24_KE25,36.htm?jl=1009549778533"
"Senior Software Engineer I, DevOps",Generate Biomedicines,152000.0,"Somerville, MA","https://www.glassdoor.com/job-listing/senior-software-engineer-i-devops-generate-biomedicines-JV_IC1154685_KO0,33_KE34,55.htm?jl=1009532416133"
Chief Engineer - Software,MORSE Corp,173000.0,"Cambridge, MA","https://www.glassdoor.com/job-listing/chief-engineer-software-morse-corp-JV_IC1154545_KO0,23_KE24,34.htm?jl=1009050796916"
Senior Software Process Engineer,Draper,159500.0,"Cambridge, MA","https://www.glassdoor.com/job-listing/senior-software-process-engineer-draper-JV_IC1154545_KO0,32_KE33,39.htm?jl=1009480884095"
Software Developer,ERP SAVVY LLC,102000.0,"Boston, MA","https://www.glassdoor.com/job-listing/software-developer-erp-savvy-llc-JV_IC1154532_KO0,18_KE19,32.htm?jl=1009558889394"
Software Engineer: LabVIEW Development Engineer,Nanobiosym,,"Cambridge, MA","https://www.glassdoor.com/job-listing/software-engineer-labview-development-engineer-nanobiosym-JV_IC1154545_KO0,46_KE47,57.htm?jl=1008177193176"
Senior Backend Software Engineer,Nexamp,154000.0,"Boston, MA","https://www.glassdoor.com/job-listing/senior-backend-software-engineer-nexamp-JV_IC1154532_KO0,32_KE33,39.htm?jl=1009533491734"
Staff Engineer - Framework Engineer,3Play Media,149500.0,"Boston, MA","https://www.glassdoor.com/job-listing/staff-engineer-framework-engineer-3play-media-JV_IC1154532_KO0,33_KE34,45.htm?jl=1009493370291"
Software Developer,DAG Consulting,95000.0,"Boston, MA","https://www.glassdoor.com/job-listing/software-developer-dag-consulting-JV_IC1154532_KO0,18_KE19,33.htm?jl=1005803481530"
Senior C++ Engineer,Philips,160000.0,"Cambridge, MA","https://www.glassdoor.com/job-listing/senior-c-engineer-philips-JV_IC1154545_KO0,17_KE18,25.htm?jl=1009562112346"
Desktop Application Software Engineer,"Lutron Electronics Co., Inc",114000.0,"Boston, MA","https://www.glassdoor.com/job-listing/desktop-application-software-engineer-lutron-electronics-co-inc-JV_IC1154532_KO0,37_KE38,63.htm?jl=1009445383132"
Associate Developer,IMP Implementation Management Professionals,96500.0,"Boston, MA","https://www.glassdoor.com/job-listing/associate-developer-imp-implementation-management-professionals-JV_IC1154532_KO0,19_KE20,63.htm?jl=1007043229168"
Embedded System Software Engineer,Delta Search Labs,120500.0,"Cambridge, MA","https://www.glassdoor.com/job-listing/embedded-system-software-engineer-delta-search-labs-JV_IC1154545_KO0,33_KE34,51.htm?jl=1006786608776"
Senior Embedded Software Developer,BLYK Engineering Services,130000.0,"Boston, MA","https://www.glassdoor.com/job-listing/senior-embedded-software-developer-blyk-engineering-services-JV_IC1154532_KO0,34_KE35,60.htm?jl=1009541900843"
Sr. Java Engineer | Tech Lead,InsideTracker,145500.0,"Cambridge, MA","https://www.glassdoor.com/job-listing/sr-java-engineer-tech-lead-insidetracker-JV_IC1154545_KO0,26_KE27,40.htm?jl=1007821797280"
Web API Developer,Mass General Brigham,,"Somerville, MA","https://www.glassdoor.com/job-listing/web-api-developer-mass-general-brigham-JV_IC1154685_KO0,17_KE18,38.htm?jl=1009565589683"
"Senior Software Engineer, athenaCollector – Intelligent Automation",Athenahealth,147500.0,"Boston, MA","https://www.glassdoor.com/job-listing/senior-software-engineer-athenacollector-intelligent-automation-athenahealth-JV_IC1154532_KO0,63_KE64,76.htm?jl=1009538394795"
Staff Software Engineer (PHP),Labcorp,160000.0,"Boston, MA","https://www.glassdoor.com/job-listing/staff-software-engineer-php-labcorp-JV_IC1154532_KO0,27_KE28,35.htm?jl=1009490228581"
"Lead Software Engineer, Back End",Capital One,,"Cambridge, MA","https://www.glassdoor.com/job-listing/lead-software-engineer-back-end-capital-one-JV_IC1154545_KO0,31_KE32,43.htm?jl=1009533481748"
Firmware Architect - Boston,Motion Recruitment,150000.0,"Boston, MA","https://www.glassdoor.com/job-listing/firmware-architect-boston-motion-recruitment-JV_IC1154532_KO0,25_KE26,44.htm?jl=1009567655781"
COBOL Developer - Assembler Experience Required,Motion Recruitment,116480.0,"Boston, MA","https://www.glassdoor.com/job-listing/cobol-developer-assembler-experience-required-motion-recruitment-JV_IC1154532_KO0,45_KE46,64.htm?jl=1009555835752"
.Net laserfiche Developer,Infosys,87500.0,United States,"https://www.glassdoor.com/job-listing/net-laserfiche-developer-infosys-JV_KO0,24_KE25,32.htm?jl=1009532478847"
Senior level Embedded C Engineer,Motion Recruitment,117500.0,"Boston, MA","https://www.glassdoor.com/job-listing/senior-level-embedded-c-engineer-motion-recruitment-JV_IC1154532_KO0,32_KE33,51.htm?jl=1009527714656"
"Sr. Full Stack Java 8 with AWS, Container Docker Kubernetes A_60",CapB InfoteK,124800.0,"Boston, MA","https://www.glassdoor.com/job-listing/sr-full-stack-java-8-with-aws-container-docker-kubernetes-a-60-capb-infotek-JV_IC1154532_KO0,62_KE63,75.htm?jl=1006829615366"
Software Engineer/Programmer,Delta Search Labs,113500.0,"Cambridge, MA","https://www.glassdoor.com/job-listing/software-engineer-programmer-delta-search-labs-JV_IC1154545_KO0,28_KE29,46.htm?jl=1006786608768"
FULL STACK ENGINEER,Airspace Intelligence,123500.0,"Boston, MA","https://www.glassdoor.com/job-listing/full-stack-engineer-airspace-intelligence-JV_IC1154532_KO0,19_KE20,41.htm?jl=1008840803951"
Python Engineer,Man Group,111500.0,"Boston, MA","https://www.glassdoor.com/job-listing/python-engineer-man-group-JV_IC1154532_KO0,15_KE16,25.htm?jl=1009552821474"
SENIOR BACK END DEVELOPER,Pixels 360,114000.0,"Boston, MA","https://www.glassdoor.com/job-listing/senior-back-end-developer-pixels-360-JV_IC1154532_KO0,25_KE26,36.htm?jl=1009034274276"
Senior Software Developer,NetCapital,116500.0,"Boston, MA","https://www.glassdoor.com/job-listing/senior-software-developer-netcapital-JV_IC1154532_KO0,25_KE26,36.htm?jl=1008401144790"
Senior Software Engineer,Kytopen,142000.0,"Cambridge, MA","https://www.glassdoor.com/job-listing/senior-software-engineer-kytopen-JV_IC1154545_KO0,24_KE25,32.htm?jl=1009400173978"
"Senior Machine Learning Engineer, athenaIntelligence R&D",Athenahealth,,"Boston, MA","https://www.glassdoor.com/job-listing/senior-machine-learning-engineer-athenaintelligence-rd-athenahealth-JV_IC1154532_KO0,54_KE55,67.htm?jl=1009563165469"
Machine Learning Engineer,Harvard University,,"Boston, MA","https://www.glassdoor.com/job-listing/machine-learning-engineer-harvard-university-JV_IC1154532_KO0,25_KE26,44.htm?jl=1009300231331"
Senior Java Developer,Intone Networks,139000.0,"Boston, MA","https://www.glassdoor.com/job-listing/senior-java-developer-intone-networks-JV_IC1154532_KO0,21_KE22,37.htm?jl=1009536525649"
Lead Software Engineer,LogRocket,158500.0,"Boston, MA","https://www.glassdoor.com/job-listing/lead-software-engineer-logrocket-JV_IC1154532_KO0,22_KE23,32.htm?jl=1008921172646"
Sr. Software Engineer - Python Generalist,"CytoTronics, Inc.",133500.0,"Boston, MA","https://www.glassdoor.com/job-listing/sr-software-engineer-python-generalist-cytotronics-inc-JV_IC1154532_KO0,38_KE39,54.htm?jl=1009535427636"
APP Developer (Contract),Barton & Gray LLC,130000.0,"Boston, MA","https://www.glassdoor.com/job-listing/app-developer-contract-barton-gray-llc-JV_IC1154532_KO0,22_KE23,38.htm?jl=1009448522470"
Software Engineer,SoftInWay Inc.,115500.0,"Boston, MA","https://www.glassdoor.com/job-listing/software-engineer-softinway-inc-JV_IC1154532_KO0,17_KE18,31.htm?jl=1009509265498"
Principal Software Engineer,Arrowstreet Capital,,"Boston, MA","https://www.glassdoor.com/job-listing/principal-software-engineer-arrowstreet-capital-JV_IC1154532_KO0,27_KE28,47.htm?jl=1009376152204"
Director of Release Management and Software Quality,Cohere Health,177500.0,"Boston, MA","https://www.glassdoor.com/job-listing/director-of-release-management-and-software-quality-cohere-health-JV_IC1154532_KO0,51_KE52,65.htm?jl=1009519409226"
Machine Learning Engineer,Arena BioWorks,136000.0,"Cambridge, MA","https://www.glassdoor.com/job-listing/machine-learning-engineer-arena-bioworks-JV_IC1154545_KO0,25_KE26,40.htm?jl=1009411469181"
Programmer,Harvard University,,"Boston, MA","https://www.glassdoor.com/job-listing/programmer-harvard-university-JV_IC1154532_KO0,10_KE11,29.htm?jl=1009534018054"
Senior Software Engineer - Full Stack,Harvard University,,"Cambridge, MA","https://www.glassdoor.com/job-listing/senior-software-engineer-full-stack-harvard-university-JV_IC1154545_KO0,35_KE36,54.htm?jl=1009533638035"
"Principal Software Engineer, Devops",Broad Institute,171000.0,"Cambridge, MA","https://www.glassdoor.com/job-listing/principal-software-engineer-devops-broad-institute-JV_IC1154545_KO0,34_KE35,50.htm?jl=1009545155732"
Senior Automation Engineer I,Generate Biomedicines,117500.0,"Somerville, MA","https://www.glassdoor.com/job-listing/senior-automation-engineer-i-generate-biomedicines-JV_IC1154685_KO0,28_KE29,50.htm?jl=1009526150908"
Java or C# with oAuth DDA / FDX API developer,CapB InfoteK,114000.0,"Boston, MA","https://www.glassdoor.com/job-listing/java-or-c-with-oauth-dda-fdx-api-developer-capb-infotek-JV_IC1154532_KO0,42_KE43,55.htm?jl=1006778961848"
Principal Software Development Engineer,CVS Health,216000.0,"Boston, MA","https://www.glassdoor.com/job-listing/principal-software-development-engineer-cvs-health-JV_IC1154532_KO0,39_KE40,50.htm?jl=1009336763818"
Machine Learning Engineer,Analog Devices,133500.0,"Boston, MA","https://www.glassdoor.com/job-listing/machine-learning-engineer-analog-devices-JV_IC1154532_KO0,25_KE26,40.htm?jl=1009480261777"
Software Engineer - Mission Autonomy,Anduril Industries,183000.0,"Boston, MA","https://www.glassdoor.com/job-listing/software-engineer-mission-autonomy-anduril-industries-JV_IC1154532_KO0,34_KE35,53.htm?jl=1009551656925"
"Staff Software Engineer, Platform","Vivint, Inc.",,"Boston, MA","https://www.glassdoor.com/job-listing/staff-software-engineer-platform-vivint-inc-JV_IC1154532_KO0,32_KE33,43.htm?jl=1009543418016"
Staff Software Engineer,Pison Technology,175000.0,"Boston, MA","https://www.glassdoor.com/job-listing/staff-software-engineer-pison-technology-JV_IC1154532_KO0,23_KE24,40.htm?jl=1009515492640"
Principal Software Engineer,Snyk,175500.0,"Boston, MA","https://www.glassdoor.com/job-listing/principal-software-engineer-snyk-JV_IC1154532_KO0,27_KE28,32.htm?jl=1009441307243"
Senior Front End Engineer - Sponsored Ads,Chewy,,"Boston, MA","https://www.glassdoor.com/job-listing/senior-front-end-engineer-sponsored-ads-chewy-JV_IC1154532_KO0,39_KE40,45.htm?jl=1009538492134"
"Manager, Software Development",SimpliSafe,174500.0,"Boston, MA","https://www.glassdoor.com/job-listing/manager-software-development-simplisafe-JV_IC1154532_KO0,28_KE29,39.htm?jl=1009535427384"
"Senior Staff Software Engineer, Cloud Learning Services",Google,,"Cambridge, MA","https://www.glassdoor.com/job-listing/senior-staff-software-engineer-cloud-learning-services-google-JV_IC1154545_KO0,54_KE55,61.htm?jl=1009569305201"
FedNow Software Engineer,Federal Reserve Bank of Boston,118500.0,"Boston, MA","https://www.glassdoor.com/job-listing/fednow-software-engineer-federal-reserve-bank-of-boston-JV_IC1154532_KO0,24_KE25,55.htm?jl=1009551929869"
"PhD Software Engineer, PhD, Early Career, Embedded Systems and Firmware, 2025 start, MSCA",Google,,"Cambridge, MA","https://www.glassdoor.com/job-listing/phd-software-engineer-phd-early-career-embedded-systems-and-firmware-2025-start-msca-google-JV_IC1154545_KO0,84_KE85,91.htm?jl=1009536875751"
Machine Learning Engineer,Tagup,112500.0,"Boston, MA","https://www.glassdoor.com/job-listing/machine-learning-engineer-tagup-JV_IC1154532_KO0,25_KE26,31.htm?jl=1009432782366"
"Senior Software Engineer, GT Regression",Motional,181000.0,"Boston, MA","https://www.glassdoor.com/job-listing/senior-software-engineer-gt-regression-motional-JV_IC1154532_KO0,38_KE39,47.htm?jl=1009478680496"
usiness Analyst - API Gateway,CapB InfoteK,103500.0,"Boston, MA","https://www.glassdoor.com/job-listing/usiness-analyst-api-gateway-capb-infotek-JV_IC1154532_KO0,27_KE28,40.htm?jl=1006524843253"
"Principal Software Engineer, Algorithmic Traffic Acquisition",CarGurus,158000.0,"Boston, MA","https://www.glassdoor.com/job-listing/principal-software-engineer-algorithmic-traffic-acquisition-cargurus-JV_IC1154532_KO0,59_KE60,68.htm?jl=1009504488380"
SQL Database Developer II,Massachusetts School Building Authority,100500.0,"Boston, MA","https://www.glassdoor.com/job-listing/sql-database-developer-ii-massachusetts-school-building-authority-JV_IC1154532_KO0,25_KE26,65.htm?jl=1009526652252"
SENIOR FRONT END DEVELOPER,Pixels 360,111500.0,"Boston, MA","https://www.glassdoor.com/job-listing/senior-front-end-developer-pixels-360-JV_IC1154532_KO0,26_KE27,37.htm?jl=1009034274279"
"Machine Learning Engineer, Generative AI",Amazon.com Services LLC,143500.0,"Boston, MA","https://www.glassdoor.com/job-listing/machine-learning-engineer-generative-ai-amazon-com-services-llc-JV_IC1154532_KO0,39_KE40,63.htm?jl=1009532320242"
Web & Application Developer,Harvard University,,"Jamaica Plain, MA","https://www.glassdoor.com/job-listing/web-application-developer-harvard-university-JV_IC1154595_KO0,25_KE26,44.htm?jl=1009558598214"
Sr Software Engineer,Intone Networks,125000.0,"Boston, MA","https://www.glassdoor.com/job-listing/sr-software-engineer-intone-networks-JV_IC1154532_KO0,20_KE21,36.htm?jl=1009536868940"
Mission Critical Software Engineer 2,Draper,129000.0,"Cambridge, MA","https://www.glassdoor.com/job-listing/mission-critical-software-engineer-2-draper-JV_IC1154545_KO0,36_KE37,43.htm?jl=1009434395585"
Senior Full Stack,Intone Networks,145500.0,"Boston, MA","https://www.glassdoor.com/job-listing/senior-full-stack-intone-networks-JV_IC1154532_KO0,17_KE18,33.htm?jl=1009553364537"
Principal Software Engineer,Generate Biomedicines,176500.0,"Somerville, MA","https://www.glassdoor.com/job-listing/principal-software-engineer-generate-biomedicines-JV_IC1154685_KO0,27_KE28,49.htm?jl=1009482534870"
Python Engineer (Top Secret Clearance),Better Talent Advisors,215000.0,"Boston, MA","https://www.glassdoor.com/job-listing/python-engineer-top-secret-clearance-better-talent-advisors-JV_IC1154532_KO0,36_KE37,59.htm?jl=1008825953276"
"JavaScript Developer with Restful JSON APIs & Python - C72164 6.5 Boston, MA",CapB InfoteK,122000.0,"Boston, MA","https://www.glassdoor.com/job-listing/javascript-developer-with-restful-json-apis-python-c72164-65-boston-ma-capb-infotek-JV_IC1154532_KO0,70_KE71,83.htm?jl=1006938660649"
SENIOR PROGRAMMER,Disbelief,97000.0,"Cambridge, MA","https://www.glassdoor.com/job-listing/senior-programmer-disbelief-JV_IC1154545_KO0,17_KE18,27.htm?jl=1009484482363"
Director of Embedded Systems Engineering,Cambridge Mobile Telematics,,"Cambridge, MA","https://www.glassdoor.com/job-listing/director-of-embedded-systems-engineering-cambridge-mobile-telematics-JV_IC1154545_KO0,40_KE41,68.htm?jl=1009479093229"
"Site Reliability Engineer, Edge Services",ByteDance,97500.0,"Boston, MA","https://www.glassdoor.com/job-listing/site-reliability-engineer-edge-services-bytedance-JV_IC1154532_KO0,39_KE40,49.htm?jl=1009474875168"
"Lead Software Engineer, Back End",Capital One,,"Cambridge, MA","https://www.glassdoor.com/job-listing/lead-software-engineer-back-end-capital-one-JV_IC1154545_KO0,31_KE32,43.htm?jl=1009465065401"
Senior Software Engineer,Man Group,148000.0,"Boston, MA","https://www.glassdoor.com/job-listing/senior-software-engineer-man-group-JV_IC1154532_KO0,24_KE25,34.htm?jl=1008829963991"
Senior Software Engineer,"Red Hat, Inc.",169500.0,"Boston, MA","https://www.glassdoor.com/job-listing/senior-software-engineer-red-hat-inc-JV_IC1154532_KO0,24_KE25,36.htm?jl=1009568211670"
Lab Automation Engineer,Arrayo,109500.0,"Boston, MA","https://www.glassdoor.com/job-listing/lab-automation-engineer-arrayo-JV_IC1154532_KO0,23_KE24,30.htm?jl=1008953583409"
Senior Intelligent Automation Engineer,Blue Cross Blue Shield of Massachusetts,149000.0,"Boston, MA","https://www.glassdoor.com/job-listing/senior-intelligent-automation-engineer-blue-cross-blue-shield-of-massachusetts-JV_IC1154532_KO0,38_KE39,78.htm?jl=1009177697496"
Principal Backend Engineer - Immutably,Context Labs,196000.0,"Cambridge, MA","https://www.glassdoor.com/job-listing/principal-backend-engineer-immutably-context-labs-JV_IC1154545_KO0,36_KE37,49.htm?jl=1009570174545"
FedNow Sr DevOps Engineer,Federal Reserve Bank of Boston,136000.0,"Boston, MA","https://www.glassdoor.com/job-listing/fednow-sr-devops-engineer-federal-reserve-bank-of-boston-JV_IC1154532_KO0,25_KE26,56.htm?jl=1009543534552"
Release Engineer II,Chewy,,"Boston, MA","https://www.glassdoor.com/job-listing/release-engineer-ii-chewy-JV_IC1154532_KO0,19_KE20,25.htm?jl=1009515071407"
Senior Software Engineer,Compass,164500.0,"Boston, MA","https://www.glassdoor.com/job-listing/senior-software-engineer-compass-JV_IC1154532_KO0,24_KE25,32.htm?jl=1009519045115"
"Sr Software Engineer, Android","Vivint, Inc.",,"Boston, MA","https://www.glassdoor.com/job-listing/sr-software-engineer-android-vivint-inc-JV_IC1154532_KO0,28_KE29,39.htm?jl=1009543418004"
"Lead Software Engineer – RPA and PEGA (Open to Boston, Atlanta, Beaverton location)",Nike,119500.0,"Boston, MA","https://www.glassdoor.com/job-listing/lead-software-engineer-rpa-and-pega-open-to-boston-atlanta-beaverton-location-nike-JV_IC1154532_KO0,77_KE78,82.htm?jl=1009525381623"
Principal Software Engineer - Live Streaming - WebRTC,SimpliSafe,157000.0,"Boston, MA","https://www.glassdoor.com/job-listing/principal-software-engineer-live-streaming-webrtc-simplisafe-JV_IC1154532_KO0,49_KE50,60.htm?jl=1009348660116"
"JAVA Developer with Spring Boot Framework, APIs and SOAP - C60131 6.6 Boston, MA",CapB InfoteK,137280.0,"Boston, MA","https://www.glassdoor.com/job-listing/java-developer-with-spring-boot-framework-apis-and-soap-c60131-66-boston-ma-capb-infotek-JV_IC1154532_KO0,75_KE76,88.htm?jl=1006829615356"
Senior Back-End Engineer (GenAI startup),Blitzy,151000.0,"Cambridge, MA","https://www.glassdoor.com/job-listing/senior-back-end-engineer-genai-startup-blitzy-JV_IC1154545_KO0,38_KE39,45.htm?jl=1009442083624"
Application Developer (SY24-25),Boston Public Schools,95000.0,"Boston, MA","https://www.glassdoor.com/job-listing/application-developer-sy24-25-boston-public-schools-JV_IC1154532_KO0,29_KE30,51.htm?jl=1009504158659"
"Sr Software Engineer - Retail (Open to Boston, Atlanta, Beaverton location)",Nike,107000.0,"Boston, MA","https://www.glassdoor.com/job-listing/sr-software-engineer-retail-open-to-boston-atlanta-beaverton-location-nike-JV_IC1154532_KO0,69_KE70,74.htm?jl=1009521283177"
Software Engineer - Perception,Zoox,212500.0,"Boston, MA","https://www.glassdoor.com/job-listing/software-engineer-perception-zoox-JV_IC1154532_KO0,28_KE29,33.htm?jl=1009338918024"
Staff Robotics Software Engineer,Chewy,,"Boston, MA","https://www.glassdoor.com/job-listing/staff-robotics-software-engineer-chewy-JV_IC1154532_KO0,32_KE33,38.htm?jl=1009542452689"
DevOps/Java Engineer,CEDENT,100500.0,"Boston, MA","https://www.glassdoor.com/job-listing/devops-java-engineer-cedent-JV_IC1154532_KO0,20_KE21,27.htm?jl=1009550099248"
"Software Engineer, Machine Learning",Meta,146993.6,"Boston, MA","https://www.glassdoor.com/job-listing/software-engineer-machine-learning-meta-JV_IC1154532_KO0,34_KE35,39.htm?jl=1008882787431"
"AIML - Software Engineer, ML Platform & Technology",Apple,,"Cambridge, MA","https://www.glassdoor.com/job-listing/aiml-software-engineer-ml-platform-technology-apple-JV_IC1154545_KO0,45_KE46,51.htm?jl=1009535142122"
"Associate Director, Software Engineering",Chewy,,"Boston, MA","https://www.glassdoor.com/job-listing/associate-director-software-engineering-chewy-JV_IC1154532_KO0,39_KE40,45.htm?jl=1009525317176"
"AIML - Machine Learning Engineer, Siri and Information Intelligence",Apple,201500.0,"Cambridge, MA","https://www.glassdoor.com/job-listing/aiml-machine-learning-engineer-siri-and-information-intelligence-apple-JV_IC1154545_KO0,64_KE65,70.htm?jl=1009561717596"
"Sr Software Engineer, Platform","Vivint, Inc.",,"Boston, MA","https://www.glassdoor.com/job-listing/sr-software-engineer-platform-vivint-inc-JV_IC1154532_KO0,29_KE30,40.htm?jl=1009543418151"
Senior Software Engineer,GPR,141500.0,"Somerville, MA","https://www.glassdoor.com/job-listing/senior-software-engineer-gpr-JV_IC1154685_KO0,24_KE25,28.htm?jl=1009472022148"
Senior Staff DevOps Engineer - Hybrid,Caris Life Sciences,140000.0,"Boston, MA","https://www.glassdoor.com/job-listing/senior-staff-devops-engineer-hybrid-caris-life-sciences-JV_IC1154532_KO0,35_KE36,55.htm?jl=1009526778252"
Clinical Statistical Programmer III,Katalyst Healthcares & Life Sciences,,"Boston, MA","https://www.glassdoor.com/job-listing/clinical-statistical-programmer-iii-katalyst-healthcares-life-sciences-JV_IC1154532_KO0,35_KE36,70.htm?jl=1009567961282"
Principal Software Engineer - Vehicle Management System,Anduril Industries,245000.0,"Boston, MA","https://www.glassdoor.com/job-listing/principal-software-engineer-vehicle-management-system-anduril-industries-JV_IC1154532_KO0,53_KE54,72.htm?jl=1009569081013"
Senior Embedded Software Engineer,Silicon Labs Careers,163500.0,"Boston, MA","https://www.glassdoor.com/job-listing/senior-embedded-software-engineer-silicon-labs-careers-JV_IC1154532_KO0,33_KE34,54.htm?jl=1009507012069"
Senior Software Engineer,DAG Consulting,135000.0,"Boston, MA","https://www.glassdoor.com/job-listing/senior-software-engineer-dag-consulting-JV_IC1154532_KO0,24_KE25,39.htm?jl=1005803481534"
Trade Compliance Senior Full Stack Engineer,Arrowstreet Capital,100000.0,"Boston, MA","https://www.glassdoor.com/job-listing/trade-compliance-senior-full-stack-engineer-arrowstreet-capital-JV_IC1154532_KO0,43_KE44,63.htm?jl=1009504431690"
Sr. Software Development Engineer,AuriStor,133000.0,"Boston, MA","https://www.glassdoor.com/job-listing/sr-software-development-engineer-auristor-JV_IC1154532_KO0,32_KE33,41.htm?jl=1006230436200"
"Lead Software Engineer, Mobile",EF World Journeys,144000.0,"Cambridge, MA","https://www.glassdoor.com/job-listing/lead-software-engineer-mobile-ef-world-journeys-JV_IC1154545_KO0,29_KE30,47.htm?jl=1009542355277"
Senior Java Developer,Janeiro Digital,115000.0,"Boston, MA","https://www.glassdoor.com/job-listing/senior-java-developer-janeiro-digital-JV_IC1154532_KO0,21_KE22,37.htm?jl=1005877024883"
SITE RELIABILITY ENGINEER (SRE),Airspace Intelligence,126500.0,"Boston, MA","https://www.glassdoor.com/job-listing/site-reliability-engineer-sre-airspace-intelligence-JV_IC1154532_KO0,29_KE30,51.htm?jl=1008840803945"
"Senior Software Engineer, Print Pipeline (Algorithms)",Formlabs,147500.0,"Somerville, MA","https://www.glassdoor.com/job-listing/senior-software-engineer-print-pipeline-algorithms-formlabs-JV_IC1154685_KO0,50_KE51,59.htm?jl=1009395346616"
Senior Software Engineer -,General Radar Corp.,,"Boston, MA","https://www.glassdoor.com/job-listing/senior-software-engineer-general-radar-corp-JV_IC1154532_KO0,24_KE25,43.htm?jl=1009124418289"
Programmer Analyst,Massachusetts General Hospital(MGH),100000.0,"Boston, MA","https://www.glassdoor.com/job-listing/programmer-analyst-massachusetts-general-hospital-mgh-JV_IC1154532_KO0,18_KE19,53.htm?jl=1009517376813"
Senior Embedded Software Engineer II,Samsara,179500.0,"Boston, MA","https://www.glassdoor.com/job-listing/senior-embedded-software-engineer-ii-samsara-JV_IC1154532_KO0,36_KE37,44.htm?jl=1009517554656"
"Principal, Full Stack Engineer",Fidelity Investments,142000.0,"Boston, MA","https://www.glassdoor.com/job-listing/principal-full-stack-engineer-fidelity-investments-JV_IC1154532_KO0,29_KE30,50.htm?jl=1009385869937"
Principal Front-End Engineer,Analog Devices,251500.0,"Boston, MA","https://www.glassdoor.com/job-listing/principal-front-end-engineer-analog-devices-JV_IC1154532_KO0,28_KE29,43.htm?jl=1009222206203"
UI/UX Developer,Amazee Global Ventures Inc,119600.0,"Boston, MA","https://www.glassdoor.com/job-listing/ui-ux-developer-amazee-global-ventures-inc-JV_IC1154532_KO0,15_KE16,42.htm?jl=1009558321055"
Software Developer,Harvard University,,"Boston, MA","https://www.glassdoor.com/job-listing/software-developer-harvard-university-JV_IC1154532_KO0,18_KE19,37.htm?jl=1009356708655"
Software Engineering Manager,Oneiro,183500.0,"Boston, MA","https://www.glassdoor.com/job-listing/software-engineering-manager-oneiro-JV_IC1154532_KO0,28_KE29,35.htm?jl=1007158863585"
Embedded Hardware Engineer,Formlabs,95500.0,"Somerville, MA","https://www.glassdoor.com/job-listing/embedded-hardware-engineer-formlabs-JV_IC1154685_KO0,26_KE27,35.htm?jl=1009562178432"
Embedded Engineer,Apeiron Labs,115500.0,"Cambridge, MA","https://www.glassdoor.com/job-listing/embedded-engineer-apeiron-labs-JV_IC1154545_KO0,17_KE18,30.htm?jl=1009444294615"
"Software Developer I, MS C#, .net","enLabel Global Services, Inc",99500.0,"Boston, MA","https://www.glassdoor.com/job-listing/software-developer-i-ms-c-net-enlabel-global-services-inc-JV_IC1154532_KO0,29_KE30,57.htm?jl=1008704790282"
"Engineer II, Python",Magnite,130000.0,"Boston, MA","https://www.glassdoor.com/job-listing/engineer-ii-python-magnite-JV_IC1154532_KO0,18_KE19,26.htm?jl=1009269073606"
Senior Cloud Engineer,Bain Capital,,"Boston, MA","https://www.glassdoor.com/job-listing/senior-cloud-engineer-bain-capital-JV_IC1154532_KO0,21_KE22,34.htm?jl=1009543456519"
Principal Software Engineer - Data Mobility,Nasuni,176500.0,"Boston, MA","https://www.glassdoor.com/job-listing/principal-software-engineer-data-mobility-nasuni-JV_IC1154532_KO0,41_KE42,48.htm?jl=1009515680529"
Remote Coding Expertise for AI Training (Danish),Outlier Ai,78000.0,"Boston, MA","https://www.glassdoor.com/job-listing/remote-coding-expertise-for-ai-training-danish-outlier-ai-JV_IC1154532_KO0,46_KE47,57.htm?jl=1009562531548"
Senior React Engineer,Motion Recruitment,,"Boston, MA","https://www.glassdoor.com/job-listing/senior-react-engineer-motion-recruitment-JV_IC1154532_KO0,21_KE22,40.htm?jl=1009551125725"
Java Developer,Intone Networks,103000.0,"Boston, MA","https://www.glassdoor.com/job-listing/java-developer-intone-networks-JV_IC1154532_KO0,14_KE15,30.htm?jl=1009538319473"
"Sr Software Engineer/Program Manager - Automation (Open to Boston, Atlanta, Beaverton location)",Nike,154500.0,"Boston, MA","https://www.glassdoor.com/job-listing/sr-software-engineer-program-manager-automation-open-to-boston-atlanta-beaverton-location-nike-JV_IC1154532_KO0,89_KE90,94.htm?jl=1009525855950"
Principal Software Engineer,Microsoft,216000.0,"Boston, MA","https://www.glassdoor.com/job-listing/principal-software-engineer-microsoft-JV_IC1154532_KO0,27_KE28,37.htm?jl=1009556360074"
Senior Software Engineer - Java,Veeva Systems,190000.0,"Boston, MA","https://www.glassdoor.com/job-listing/senior-software-engineer-java-veeva-systems-JV_IC1154532_KO0,29_KE30,43.htm?jl=1009567964040"
"Software Dev. Manager III, PXT Employee Onboarding and Administration (EOA), Joining Amazon (Personal Information Domain)",Amazon.com Services LLC,,"Boston, MA","https://www.glassdoor.com/job-listing/software-dev-manager-iii-pxt-employee-onboarding-and-administration-eoa-joining-amazon-personal-information-domain-amazon-com-services-llc-JV_IC1154532_KO0,114_KE115,138.htm?jl=1009561043537"
Principal Software Engineer - Java,Veeva Systems,225000.0,"Boston, MA","https://www.glassdoor.com/job-listing/principal-software-engineer-java-veeva-systems-JV_IC1154532_KO0,32_KE33,46.htm?jl=1009567962750"
SR DSP SOFTWARE ENGINEER / C++ LINUX OS,SCOTT L. PAGE & Associates,170000.0,"Boston, MA","https://www.glassdoor.com/job-listing/sr-dsp-software-engineer-c-linux-os-scott-l-page-associates-JV_IC1154532_KO0,35_KE36,59.htm?jl=1006601049680"
"Security Software Engineer, Alexa & Fire TV Security",Amazon.com Services LLC,176500.0,"Boston, MA","https://www.glassdoor.com/job-listing/security-software-engineer-alexa-fire-tv-security-amazon-com-services-llc-JV_IC1154532_KO0,49_KE50,73.htm?jl=1009565364272"
"Associate Director, Software Engineering",Chewy,196500.0,"Boston, MA","https://www.glassdoor.com/job-listing/associate-director-software-engineering-chewy-JV_IC1154532_KO0,39_KE40,45.htm?jl=1009568601957"
"Engineering Manager, Android Engineering",Axon,190000.0,"Boston, MA","https://www.glassdoor.com/job-listing/engineering-manager-android-engineering-axon-JV_IC1154532_KO0,39_KE40,44.htm?jl=1009542132977"
"Director, Software Engineering",Fidelity Investments,192000.0,"Boston, MA","https://www.glassdoor.com/job-listing/director-software-engineering-fidelity-investments-JV_IC1154532_KO0,29_KE30,50.htm?jl=1009549585457"
Principal Software Engineer - Full Stack,Veeva Systems,225000.0,"Boston, MA","https://www.glassdoor.com/job-listing/principal-software-engineer-full-stack-veeva-systems-JV_IC1154532_KO0,38_KE39,52.htm?jl=1009567963468"
Senior Software Engineer - Full Stack,Veeva Systems,190000.0,"Boston, MA","https://www.glassdoor.com/job-listing/senior-software-engineer-full-stack-veeva-systems-JV_IC1154532_KO0,35_KE36,49.htm?jl=1009567963764"
Senior Software Engineer,Modus Closing,138500.0,"Boston, MA","https://www.glassdoor.com/job-listing/senior-software-engineer-modus-closing-JV_IC1154532_KO0,24_KE25,38.htm?jl=1009390630470"
"Senior Software Engineer, Observability",Roku,211500.0,"Boston, MA","https://www.glassdoor.com/job-listing/senior-software-engineer-observability-roku-JV_IC1154532_KO0,38_KE39,43.htm?jl=1009400989774"
Sr. Software Engineer - Internet of Things (IoT),Bosch Group,107500.0,"Watertown, MA","https://www.glassdoor.com/job-listing/sr-software-engineer-internet-of-things-iot-bosch-group-JV_IC1154705_KO0,43_KE44,55.htm?jl=1009491140263"
Senior Software Engineer - Tracking & Estimation,Anduril Industries,195000.0,"Boston, MA","https://www.glassdoor.com/job-listing/senior-software-engineer-tracking-estimation-anduril-industries-JV_IC1154532_KO0,44_KE45,63.htm?jl=1009551656891"
"Golang Developer Relations Engineer, AI Agents",Google,,"Cambridge, MA","https://www.glassdoor.com/job-listing/golang-developer-relations-engineer-ai-agents-google-JV_IC1154545_KO0,45_KE46,52.htm?jl=1009568288255"
"Software Engineering Manager II, Search",Google,,"Cambridge, MA","https://www.glassdoor.com/job-listing/software-engineering-manager-ii-search-google-JV_IC1154545_KO0,38_KE39,45.htm?jl=1009538603094"
"Staff Software Engineer, Embedded Applications (R2655)",SHIELD AI,208000.0,"Boston, MA","https://www.glassdoor.com/job-listing/staff-software-engineer-embedded-applications-r2655-shield-ai-JV_IC1154532_KO0,51_KE52,61.htm?jl=1009150893333"
"Senior Machine Learning Engineer, Generative AI",Amazon.com Services LLC,174500.0,"Boston, MA","https://www.glassdoor.com/job-listing/senior-machine-learning-engineer-generative-ai-amazon-com-services-llc-JV_IC1154532_KO0,46_KE47,70.htm?jl=1009465311669"
"Software Engineering Manager - Marketing & Service (Open to Boston, Atlanta, Beaverton location)",Nike,143500.0,"Boston, MA","https://www.glassdoor.com/job-listing/software-engineering-manager-marketing-service-open-to-boston-atlanta-beaverton-location-nike-JV_IC1154532_KO0,88_KE89,93.htm?jl=1009527164637"
Senior/Staff Software Engineer - Prediction Machine Learning Engineer,Zoox,256500.0,"Boston, MA","https://www.glassdoor.com/job-listing/senior-staff-software-engineer-prediction-machine-learning-engineer-zoox-JV_IC1154532_KO0,67_KE68,72.htm?jl=1009338918441"
Principal Software Engineer,DAG Consulting,175000.0,"Boston, MA","https://www.glassdoor.com/job-listing/principal-software-engineer-dag-consulting-JV_IC1154532_KO0,27_KE28,42.htm?jl=1005803481526"
Recurrent Knowledge Graph Principal,Chewy,,"Boston, MA","https://www.glassdoor.com/job-listing/recurrent-knowledge-graph-principal-chewy-JV_IC1154532_KO0,35_KE36,41.htm?jl=1009544022079"
Tech Lead - React Native,Photon,120000.0,"Boston, MA","https://www.glassdoor.com/job-listing/tech-lead-react-native-photon-JV_IC1154532_KO0,22_KE23,29.htm?jl=1008742627955"
Senior / Principal Gameplay Engineer,CD PROJEKT RED,209500.0,"Boston, MA","https://www.glassdoor.com/job-listing/senior-principal-gameplay-engineer-cd-projekt-red-JV_IC1154532_KO0,34_KE35,49.htm?jl=1009346897016"
Lead Software Engineer - SRE,Klaviyo,235000.0,"Boston, MA","https://www.glassdoor.com/job-listing/lead-software-engineer-sre-klaviyo-JV_IC1154532_KO0,26_KE27,34.htm?jl=1009520854017"
Senior/Staff Software Engineer - Machine Learning,Zoox,257500.0,"Boston, MA","https://www.glassdoor.com/job-listing/senior-staff-software-engineer-machine-learning-zoox-JV_IC1154532_KO0,47_KE48,52.htm?jl=1009338918213"
"Senior Manager, Software Engineering",SimpliSafe,199000.0,"Boston, MA","https://www.glassdoor.com/job-listing/senior-manager-software-engineering-simplisafe-JV_IC1154532_KO0,35_KE36,46.htm?jl=1009540442917"
Sr. Robotics Software Engineer,"Myomo, Inc",129500.0,"Boston, MA","https://www.glassdoor.com/job-listing/sr-robotics-software-engineer-myomo-inc-JV_IC1154532_KO0,29_KE30,39.htm?jl=1009511311864"
Team Lead - Software Engineering,Alarm.com,118000.0,"Boston, MA","https://www.glassdoor.com/job-listing/team-lead-software-engineering-alarm-com-JV_IC1154532_KO0,30_KE31,40.htm?jl=1009439979785"
"Software Developer I, Mobile Platforms","enLabel Global Services, Inc",118000.0,"Boston, MA","https://www.glassdoor.com/job-listing/software-developer-i-mobile-platforms-enlabel-global-services-inc-JV_IC1154532_KO0,37_KE38,65.htm?jl=1008704790252"
"Software Development Manager, High Performance Computing","Amazon Development Center U.S., Inc.",,"Boston, MA","https://www.glassdoor.com/job-listing/software-development-manager-high-performance-computing-amazon-development-center-us-inc-JV_IC1154532_KO0,55_KE56,88.htm?jl=1009474790573"
"DATABASE DEVELOPER, School of Medicine, Slone Epidemiology Center",Boston University,75500.0,"Boston, MA","https://www.glassdoor.com/job-listing/database-developer-school-of-medicine-slone-epidemiology-center-boston-university-JV_IC1154532_KO0,63_KE64,81.htm?jl=1009561050642"
"Software Engineer, Embedded Firmware (R2524)",SHIELD AI,122000.0,"Boston, MA","https://www.glassdoor.com/job-listing/software-engineer-embedded-firmware-r2524-shield-ai-JV_IC1154532_KO0,41_KE42,51.htm?jl=1009554973324"
"Software Engineering Manager, Infrastructure",Meta,214000.0,"Boston, MA","https://www.glassdoor.com/job-listing/software-engineering-manager-infrastructure-meta-JV_IC1154532_KO0,43_KE44,48.htm?jl=1008882787168"
Software Engineering Manager,"enLabel Global Services, Inc",174500.0,"Boston, MA","https://www.glassdoor.com/job-listing/software-engineering-manager-enlabel-global-services-inc-JV_IC1154532_KO0,28_KE29,56.htm?jl=1008704790140"
Senior Front End Engineer - OpenPass,The Trade Desk,175500.0,"Boston, MA","https://www.glassdoor.com/job-listing/senior-front-end-engineer-openpass-the-trade-desk-JV_IC1154532_KO0,34_KE35,49.htm?jl=1009519154598"
Software Engineering Manager,Klaviyo,235000.0,"Boston, MA","https://www.glassdoor.com/job-listing/software-engineering-manager-klaviyo-JV_IC1154532_KO0,28_KE29,36.htm?jl=1009373135596"
Software Engineer (Technical Leadership) - Machine Learning,Meta,253000.0,"Boston, MA","https://www.glassdoor.com/job-listing/software-engineer-technical-leadership-machine-learning-meta-JV_IC1154532_KO0,55_KE56,60.htm?jl=1009082250145"
Sr. Firmware Engineer,Pison Technology,180000.0,"Boston, MA","https://www.glassdoor.com/job-listing/sr-firmware-engineer-pison-technology-JV_IC1154532_KO0,20_KE21,37.htm?jl=1009489989345"
"Staff UX Engineer, Google Cloud Learning Platform",Google,,"Cambridge, MA","https://www.glassdoor.com/job-listing/staff-ux-engineer-google-cloud-learning-platform-google-JV_IC1154545_KO0,48_KE49,55.htm?jl=1009551890992"
Principal Software Engineer and Technical Lead,AtScale,164000.0,"Boston, MA","https://www.glassdoor.com/job-listing/principal-software-engineer-and-technical-lead-atscale-JV_IC1154532_KO0,46_KE47,54.htm?jl=1009493147378"
Principal ML Ops Engineer,"Flagship Pioneering, Inc.",150000.0,"Cambridge, MA","https://www.glassdoor.com/job-listing/principal-ml-ops-engineer-flagship-pioneering-inc-JV_IC1154545_KO0,25_KE26,49.htm?jl=1009455177138"
"PhD Software Engineer, Early Career, AI/Machine Learning, 2025 Start, MSCA",Google,,"Cambridge, MA","https://www.glassdoor.com/job-listing/phd-software-engineer-early-career-ai-machine-learning-2025-start-msca-google-JV_IC1154545_KO0,70_KE71,77.htm?jl=1009536875671"
.Net Developer,Advanced technology Group Inc,106500.0,"Boston, MA","https://www.glassdoor.com/job-listing/net-developer-advanced-technology-group-inc-JV_IC1154532_KO0,13_KE14,43.htm?jl=1008402747123"
Onsite C++ Software Engineer Scanning Technology,Motion Recruitment,125000.0,"Boston, MA","https://www.glassdoor.com/job-listing/onsite-c-software-engineer-scanning-technology-motion-recruitment-JV_IC1154532_KO0,46_KE47,65.htm?jl=1009561581228"
Lead React Native Engineer,Motion Recruitment,180000.0,"Boston, MA","https://www.glassdoor.com/job-listing/lead-react-native-engineer-motion-recruitment-JV_IC1154532_KO0,26_KE27,45.htm?jl=1009549943810"
Customer Communications Technology Sr. Genesys Engineer,Deloitte,108500.0,"Boston, MA","https://www.glassdoor.com/job-listing/customer-communications-technology-sr-genesys-engineer-deloitte-JV_IC1154532_KO0,54_KE55,63.htm?jl=1009446366571"
Lead Software Engineer - Events,Klaviyo,235000.0,"Boston, MA","https://www.glassdoor.com/job-listing/lead-software-engineer-events-klaviyo-JV_IC1154532_KO0,29_KE30,37.htm?jl=1009538025057"
Senior DevOps Systems Engineer II,Mass General Brigham,,"Somerville, MA","https://www.glassdoor.com/job-listing/senior-devops-systems-engineer-ii-mass-general-brigham-JV_IC1154685_KO0,33_KE34,54.htm?jl=1009526774492"
Senior Data Programmer Analyst,Dana-Farber Cancer Institute,106500.0,"Boston, MA","https://www.glassdoor.com/job-listing/senior-data-programmer-analyst-dana-farber-cancer-institute-JV_IC1154532_KO0,30_KE31,59.htm?jl=1009508896215"
Senior Software Engineer,Anduril Industries,210000.0,"Boston, MA","https://www.glassdoor.com/job-listing/senior-software-engineer-anduril-industries-JV_IC1154532_KO0,24_KE25,43.htm?jl=1009551657033"
Engineer: Embedded Firmware Engineer,Nanobiosym,,"Cambridge, MA","https://www.glassdoor.com/job-listing/engineer-embedded-firmware-engineer-nanobiosym-JV_IC1154545_KO0,35_KE36,46.htm?jl=1007215000523"
"C++ Embedded Developer || Boston, MA (Local only)",ANB Sourcing LLC,83200.0,"Boston, MA","https://www.glassdoor.com/job-listing/c-embedded-developer-boston-ma-local-only-anb-sourcing-llc-JV_IC1154532_KO0,41_KE42,58.htm?jl=1009426512542"
Principal Quantitative Developer - Risk,Fidelity Investments,132000.0,"Boston, MA","https://www.glassdoor.com/job-listing/principal-quantitative-developer-risk-fidelity-investments-JV_IC1154532_KO0,37_KE38,58.htm?jl=1009227437392"
Embedded Systems Developer,DAG Consulting,99500.0,"Boston, MA","https://www.glassdoor.com/job-listing/embedded-systems-developer-dag-consulting-JV_IC1154532_KO0,26_KE27,41.htm?jl=1005803481531"
Software Engineering Manager,Plymouth Rock Assurance,171000.0,"Boston, MA","https://www.glassdoor.com/job-listing/software-engineering-manager-plymouth-rock-assurance-JV_IC1154532_KO0,28_KE29,52.htm?jl=1009550104778"
Senior Software Engineer (AI-Based IDE Plugins),"Red Hat, Inc.",169500.0,"Boston, MA","https://www.glassdoor.com/job-listing/senior-software-engineer-ai-based-ide-plugins-red-hat-inc-JV_IC1154532_KO0,45_KE46,57.htm?jl=1009550144938"
"Software Engineer, Infrastructure",Meta,117000.0,"Boston, MA","https://www.glassdoor.com/job-listing/software-engineer-infrastructure-meta-JV_IC1154532_KO0,32_KE33,37.htm?jl=1009401106303"
Principal Software Engineer (AI + ML SaaS / Insurtech Scale-up),EvolutionIQ,127500.0,"Boston, MA","https://www.glassdoor.com/job-listing/principal-software-engineer-ai-ml-saas-insurtech-scale-up-evolutioniq-JV_IC1154532_KO0,57_KE58,69.htm?jl=1009542286805"
Application Developer,MA Gaming Commission,81500.0,"Boston, MA","https://www.glassdoor.com/job-listing/application-developer-ma-gaming-commission-JV_IC1154532_KO0,21_KE22,42.htm?jl=1009425410567"
Global IT Software Engineer Senior Manager - Gen AI/ LLM SDK,Boston Consulting Group,,"Boston, MA","https://www.glassdoor.com/job-listing/global-it-software-engineer-senior-manager-gen-ai-llm-sdk-boston-consulting-group-JV_IC1154532_KO0,57_KE58,81.htm?jl=1009526946027"
Principal Product Software Engineer - Service Delivery Executive,Capgemini,,"Boston, MA","https://www.glassdoor.com/job-listing/principal-product-software-engineer-service-delivery-executive-capgemini-JV_IC1154532_KO0,62_KE63,72.htm?jl=1009554628178"
"Staff Software Engineer - Real Time Systems, Mission Autonomy",Anduril Industries,245000.0,"Boston, MA","https://www.glassdoor.com/job-listing/staff-software-engineer-real-time-systems-mission-autonomy-anduril-industries-JV_IC1154532_KO0,58_KE59,77.htm?jl=1009551656832"
Senior Software Engineer,Modus Closing,164500.0,"Boston, MA","https://www.glassdoor.com/job-listing/senior-software-engineer-modus-closing-JV_IC1154532_KO0,24_KE25,38.htm?jl=1009519029947"
"Mobile Architect, iOS and Android",DraftKings,202500.0,"Boston, MA","https://www.glassdoor.com/job-listing/mobile-architect-ios-and-android-draftkings-JV_IC1154532_KO0,32_KE33,43.htm?jl=1009569468942"
"Programmer/Analyst, Sr (894)",Massachusetts General Hospital(MGH),147500.0,"Boston, MA","https://www.glassdoor.com/job-listing/programmer-analyst-sr-894-massachusetts-general-hospital-mgh-JV_IC1154532_KO0,25_KE26,60.htm?jl=1009509611574"
Full Stack Developer - AWS,"CGI Group, Inc.",164500.0,"Boston, MA","https://www.glassdoor.com/job-listing/full-stack-developer-aws-cgi-group-inc-JV_IC1154532_KO0,24_KE25,38.htm?jl=1009527166009"
Senior Software Engineer,Plymouth Rock Assurance,148000.0,"Boston, MA","https://www.glassdoor.com/job-listing/senior-software-engineer-plymouth-rock-assurance-JV_IC1154532_KO0,24_KE25,48.htm?jl=1009500858574"
Principal Software Engineer,PTC Inc.,166000.0,"Boston, MA","https://www.glassdoor.com/job-listing/principal-software-engineer-ptc-inc-JV_IC1154532_KO0,27_KE28,35.htm?jl=1009411970079"
Microservice and Spring boot Developer with Azure DevOps,Infosys,101000.0,"Boston, MA","https://www.glassdoor.com/job-listing/microservice-and-spring-boot-developer-with-azure-devops-infosys-JV_IC1154532_KO0,56_KE57,64.htm?jl=1009554538642"
"Distinguished Software Engineer, Detection & Response",Rapid7,190500.0,"Boston, MA","https://www.glassdoor.com/job-listing/distinguished-software-engineer-detection-response-rapid7-JV_IC1154532_KO0,50_KE51,57.htm?jl=1009524714803"
Principal Software Engineer,Grand Circle LLC,182000.0,"Boston, MA","https://www.glassdoor.com/job-listing/principal-software-engineer-grand-circle-llc-JV_IC1154532_KO0,27_KE28,44.htm?jl=1009543400051"
Senior Software Engineer,Nara Logics,139000.0,"Boston, MA","https://www.glassdoor.com/job-listing/senior-software-engineer-nara-logics-JV_IC1154532_KO0,24_KE25,36.htm?jl=1009400670536"
"Staff Engineer, Systems Software Design Engineering",Analog Devices,170000.0,"Boston, MA","https://www.glassdoor.com/job-listing/staff-engineer-systems-software-design-engineering-analog-devices-JV_IC1154532_KO0,50_KE51,65.htm?jl=1009560646592"
FedNow Senior Software Engineer,Federal Reserve Bank of Boston,130500.0,"Boston, MA","https://www.glassdoor.com/job-listing/fednow-senior-software-engineer-federal-reserve-bank-of-boston-JV_IC1154532_KO0,31_KE32,62.htm?jl=1009528000162"
"Software Developer II, MS C#, .net","enLabel Global Services, Inc",102000.0,"Boston, MA","https://www.glassdoor.com/job-listing/software-developer-ii-ms-c-net-enlabel-global-services-inc-JV_IC1154532_KO0,30_KE31,58.htm?jl=1008704790277"
Senior Software developer,Raytheon Technologies Corporate Headquarters,120000.0,"Cambridge, MA","https://www.glassdoor.com/job-listing/senior-software-developer-raytheon-technologies-corporate-headquarters-JV_IC1154545_KO0,25_KE26,70.htm?jl=1009528926678"
FedNow Principal Site Reliability Engineer,Federal Reserve Bank of Boston,161000.0,"Boston, MA","https://www.glassdoor.com/job-listing/fednow-principal-site-reliability-engineer-federal-reserve-bank-of-boston-JV_IC1154532_KO0,42_KE43,73.htm?jl=1009543534589"
Software Engineer,Capgemini,122500.0,"Boston, MA","https://www.glassdoor.com/job-listing/software-engineer-capgemini-JV_IC1154532_KO0,17_KE18,27.htm?jl=1009513917952"
Global Category Leader - Embedded Software,Aptiv plc,114500.0,"Boston, MA","https://www.glassdoor.com/job-listing/global-category-leader-embedded-software-aptiv-plc-JV_IC1154532_KO0,40_KE41,50.htm?jl=1009535340897"
Deployment Engineer,Pickle Robot Company,100000.0,"Cambridge, MA","https://www.glassdoor.com/job-listing/deployment-engineer-pickle-robot-company-JV_IC1154545_KO0,19_KE20,40.htm?jl=1009519034118"
Senior Software Engineer - Real Time Systems,Anduril Industries,210000.0,"Boston, MA","https://www.glassdoor.com/job-listing/senior-software-engineer-real-time-systems-anduril-industries-JV_IC1154532_KO0,42_KE43,61.htm?jl=1009551656797"
Sr. Engineer - Intelligent Controls & Automation (ICA),Procter & Gamble,128500.0,"Boston, MA","https://www.glassdoor.com/job-listing/sr-engineer-intelligent-controls-automation-ica-procter-gamble-JV_IC1154532_KO0,47_KE48,62.htm?jl=1009563604086"
Computational Engineering Software Development Co-op,SoftInWay Inc.,93500.0,"Boston, MA","https://www.glassdoor.com/job-listing/computational-engineering-software-development-co-op-softinway-inc-JV_IC1154532_KO0,52_KE53,66.htm?jl=1009509265337"
Senior .NET Engineer,Pristine Infotech,122000.0,"Boston, MA","https://www.glassdoor.com/job-listing/senior-net-engineer-pristine-infotech-JV_IC1154532_KO0,19_KE20,37.htm?jl=1008816034426"
Mainframe Developer DB2 Cobol,CapB InfoteK,102000.0,"Boston, MA","https://www.glassdoor.com/job-listing/mainframe-developer-db2-cobol-capb-infotek-JV_IC1154532_KO0,29_KE30,42.htm?jl=1007113391484"
.NET / C+ Developer June 2020,VASS IT,77500.0,"Boston, MA","https://www.glassdoor.com/job-listing/net-c-developer-june-2020-vass-it-JV_IC1154532_KO0,25_KE26,33.htm?jl=1009348593491"
Senior Drupal Developer,Perficient,142000.0,"Somerville, MA","https://www.glassdoor.com/job-listing/senior-drupal-developer-perficient-JV_IC1154685_KO0,23_KE24,34.htm?jl=1008986378063"
Air Dominance & Strike - Principal Mission Software Engineer (Robotics),Anduril Industries,245000.0,"Boston, MA","https://www.glassdoor.com/job-listing/air-dominance-strike-principal-mission-software-engineer-robotics-anduril-industries-JV_IC1154532_KO0,65_KE66,84.htm?jl=1009564148580"
Senior Mainframe Developer,Cognizant,68500.0,"Boston, MA","https://www.glassdoor.com/job-listing/senior-mainframe-developer-cognizant-JV_IC1154532_KO0,26_KE27,36.htm?jl=1009541009150"
Programmer Analyst,Massachusetts General Hospital(MGH),89500.0,"Boston, MA","https://www.glassdoor.com/job-listing/programmer-analyst-massachusetts-general-hospital-mgh-JV_IC1154532_KO0,18_KE19,53.htm?jl=1009498515626"
Senior Embedded Software Developer,Capgemini,123198.4,"Boston, MA","https://www.glassdoor.com/job-listing/senior-embedded-software-developer-capgemini-JV_IC1154532_KO0,34_KE35,44.htm?jl=1009542396091"
Senior Oracle EPM Developer,Cervello Inc,98500.0,"Boston, MA","https://www.glassdoor.com/job-listing/senior-oracle-epm-developer-cervello-inc-JV_IC1154532_KO0,27_KE28,40.htm?jl=1009320718605"
Android Developer,Neurable,94500.0,"Boston, MA","https://www.glassdoor.com/job-listing/android-developer-neurable-JV_IC1154532_KO0,17_KE18,26.htm?jl=1009554911716"
Developer,PTYTECH LLC,110240.0,"Boston, MA","https://www.glassdoor.com/job-listing/developer-ptytech-llc-JV_IC1154532_KO0,9_KE10,21.htm?jl=1007166321370"
Principal Application Developer,Federal Reserve Bank of Boston,144000.0,"Boston, MA","https://www.glassdoor.com/job-listing/principal-application-developer-federal-reserve-bank-of-boston-JV_IC1154532_KO0,31_KE32,62.htm?jl=1009526399967"
PRINCIPAL DEVELOPER,LiquidX,148500.0,"Boston, MA","https://www.glassdoor.com/job-listing/principal-developer-liquidx-JV_IC1154532_KO0,19_KE20,27.htm?jl=1009472936420"
Senior Software Engineer,Empower,123000.0,United States,"https://www.glassdoor.com/job-listing/senior-software-engineer-empower-JV_KO0,24_KE25,32.htm?jl=1009429720631"
"Senior Director, Web Experience",Klaviyo,260000.0,"Boston, MA","https://www.glassdoor.com/job-listing/senior-director-web-experience-klaviyo-JV_IC1154532_KO0,30_KE31,38.htm?jl=1009420465011"
Principal Quant Developer- QIS,Fidelity Investments,132000.0,"Boston, MA","https://www.glassdoor.com/job-listing/principal-quant-developer-qis-fidelity-investments-JV_IC1154532_KO0,29_KE30,50.htm?jl=1009265026554"
Radio Frequency Engineer - Product Lead for Simulation Software,Flexcompute Inc.,109500.0,"Boston, MA","https://www.glassdoor.com/job-listing/radio-frequency-engineer-product-lead-for-simulation-software-flexcompute-inc-JV_IC1154532_KO0,61_KE62,77.htm?jl=1009476547139"
Senior Power Systems Engineer - Protection Controls Automation,Schneider Electric,114500.0,"Boston, MA","https://www.glassdoor.com/job-listing/senior-power-systems-engineer-protection-controls-automation-schneider-electric-JV_IC1154532_KO0,60_KE61,79.htm?jl=1009402726750"
Manager - Kinematics Software Engineering - Surgical Robotics,Medtronic,188000.0,"Boston, MA","https://www.glassdoor.com/job-listing/manager-kinematics-software-engineering-surgical-robotics-medtronic-JV_IC1154532_KO0,57_KE58,67.htm?jl=1009382147789"
Global IT Software Engineer Director & Chapter Lead- Gen AI/LLM,Boston Consulting Group,,"Boston, MA","https://www.glassdoor.com/job-listing/global-it-software-engineer-director-chapter-lead-gen-ai-llm-boston-consulting-group-JV_IC1154532_KO0,60_KE61,84.htm?jl=1009526945932"
Software Engineering Manager-Platform - Surgical Robotics,Medtronic,188000.0,"Boston, MA","https://www.glassdoor.com/job-listing/software-engineering-manager-platform-surgical-robotics-medtronic-JV_IC1154532_KO0,55_KE56,65.htm?jl=1009529370461"
Senior Automation Engineer,Flexxbotics,,"Boston, MA","https://www.glassdoor.com/job-listing/senior-automation-engineer-flexxbotics-JV_IC1154532_KO0,26_KE27,38.htm?jl=1009555864678"
Senior DevOps Engineer,Context Labs,152000.0,"Cambridge, MA","https://www.glassdoor.com/job-listing/senior-devops-engineer-context-labs-JV_IC1154545_KO0,22_KE23,35.htm?jl=1009564688129"
Senior/Staff Perception Machine Learning Engineer - 3D Tracking,Zoox,241500.0,"Boston, MA","https://www.glassdoor.com/job-listing/senior-staff-perception-machine-learning-engineer-3d-tracking-zoox-JV_IC1154532_KO0,61_KE62,66.htm?jl=1009338917701"
Senior Software Developer,Pearson,100000.0,"Boston, MA","https://www.glassdoor.com/job-listing/senior-software-developer-pearson-JV_IC1154532_KO0,25_KE26,33.htm?jl=1009488210037"
Senior Android Engineer II,Modus Closing,164000.0,"Boston, MA","https://www.glassdoor.com/job-listing/senior-android-engineer-ii-modus-closing-JV_IC1154532_KO0,26_KE27,40.htm?jl=1009417808804"
Lead Data Engineer - Data Automations,Klaviyo,235000.0,"Boston, MA","https://www.glassdoor.com/job-listing/lead-data-engineer-data-automations-klaviyo-JV_IC1154532_KO0,35_KE36,43.htm?jl=1009505355897"
Java Developer,Sureminds Solutions LLC,125000.0,"Boston, MA","https://www.glassdoor.com/job-listing/java-developer-sureminds-solutions-llc-JV_IC1154532_KO0,14_KE15,38.htm?jl=1009551065503"
Cloud Engineer-Analytics,Columbia Threadneedle Investments,,"Boston, MA","https://www.glassdoor.com/job-listing/cloud-engineer-analytics-columbia-threadneedle-investments-JV_IC1154532_KO0,24_KE25,58.htm?jl=1009473338783"
Senior iOS Engineer,Compass,164000.0,"Boston, MA","https://www.glassdoor.com/job-listing/senior-ios-engineer-compass-JV_IC1154532_KO0,19_KE20,27.htm?jl=1009492522832"
Senior Android Engineer II,Compass,164000.0,"Boston, MA","https://www.glassdoor.com/job-listing/senior-android-engineer-ii-compass-JV_IC1154532_KO0,26_KE27,34.htm?jl=1009417998521"
"Principal Automation Engineer, Workcell Builds","Flagship Pioneering, Inc.",127500.0,"Cambridge, MA","https://www.glassdoor.com/job-listing/principal-automation-engineer-workcell-builds-flagship-pioneering-inc-JV_IC1154545_KO0,45_KE46,69.htm?jl=1009540450103"
"State Estimation Engineer, Sensor Fusion (R2682)",SHIELD AI,228000.0,"Boston, MA","https://www.glassdoor.com/job-listing/state-estimation-engineer-sensor-fusion-r2682-shield-ai-JV_IC1154532_KO0,45_KE46,55.htm?jl=1009320816446"
Lead Python Consultant,Sonsoft Inc,100500.0,"Boston, MA","https://www.glassdoor.com/job-listing/lead-python-consultant-sonsoft-inc-JV_IC1154532_KO0,22_KE23,34.htm?jl=1008985960701"
Principal Engineer,Critical Software,153000.0,"Cambridge, MA","https://www.glassdoor.com/job-listing/principal-engineer-critical-software-JV_IC1154545_KO0,18_KE19,36.htm?jl=1009462119799"
Senior iOS Engineer,Modus Closing,164000.0,"Boston, MA","https://www.glassdoor.com/job-listing/senior-ios-engineer-modus-closing-JV_IC1154532_KO0,19_KE20,33.htm?jl=1009492831526"
Kubernetes Administrator,MMC Corporate,88000.0,"Boston, MA","https://www.glassdoor.com/job-listing/kubernetes-administrator-mmc-corporate-JV_IC1154532_KO0,24_KE25,38.htm?jl=1009559064281"
SDR SW Test and Automation Engineer,Comcentric Inc.,,"Boston, MA","https://www.glassdoor.com/job-listing/sdr-sw-test-and-automation-engineer-comcentric-inc-JV_IC1154532_KO0,35_KE36,50.htm?jl=1009513930704"
Principal Systems Engineer-Embedded Microsystems Architecture/Design,Draper,152000.0,"Cambridge, MA","https://www.glassdoor.com/job-listing/principal-systems-engineer-embedded-microsystems-architecture-design-draper-JV_IC1154545_KO0,68_KE69,75.htm?jl=1009448203256"
.Principal Software Engineer - AI Engineering,Context Labs,209500.0,"Cambridge, MA","https://www.glassdoor.com/job-listing/principal-software-engineer-ai-engineering-context-labs-JV_IC1154545_KO0,42_KE43,55.htm?jl=1009300545954"
W2 Contract -Dev-Operations Architect,"SoftHQ, Inc.",161200.0,"Boston, MA","https://www.glassdoor.com/job-listing/w2-contract-dev-operations-architect-softhq-inc-JV_IC1154532_KO0,36_KE37,47.htm?jl=1009543272813"
"Data Innovations IS Programmer/ Analyst II, Dept. of Surgery, Per Diem",Brigham & Women's Hospital(BWH),,"Boston, MA","https://www.glassdoor.com/job-listing/data-innovations-is-programmer-analyst-ii-dept-of-surgery-per-diem-brigham-women-s-hospital-bwh-JV_IC1154532_KO0,66_KE67,95.htm?jl=1009508890347"
Senior Developer,BrickLogix,127000.0,"Somerville, MA","https://www.glassdoor.com/job-listing/senior-developer-bricklogix-JV_IC1154685_KO0,16_KE17,27.htm?jl=1007488960764"
"Senior Specialist, Full Stack Developer",KPMG,112500.0,"Boston, MA","https://www.glassdoor.com/job-listing/senior-specialist-full-stack-developer-kpmg-JV_IC1154532_KO0,38_KE39,43.htm?jl=1009468139008"
Full Stack Spring 2020,VASS IT,84500.0,"Boston, MA","https://www.glassdoor.com/job-listing/full-stack-spring-2020-vass-it-JV_IC1154532_KO0,22_KE23,30.htm?jl=1009348593446"
Sr. Kofax Developer (RPA Developer) :: Remote,CEDENT,99500.0,"Boston, MA","https://www.glassdoor.com/job-listing/sr-kofax-developer-rpa-developer-remote-cedent-JV_IC1154532_KO0,39_KE40,46.htm?jl=1009348596411"
.Net Full Stack Developer,Tek Ninjas,,"Chelsea, MA","https://www.glassdoor.com/job-listing/net-full-stack-developer-tek-ninjas-JV_IC1154551_KO0,24_KE25,35.htm?jl=1009416202096"
Senior Java Developer - SJD24-17510,NavitsPartners,117500.0,"Boston, MA","https://www.glassdoor.com/job-listing/senior-java-developer-sjd24-17510-navitspartners-JV_IC1154532_KO0,33_KE34,48.htm?jl=1009555091550"
Senior Machine Learning Engineer,Amazee Global Ventures Inc,119600.0,"Boston, MA","https://www.glassdoor.com/job-listing/senior-machine-learning-engineer-amazee-global-ventures-inc-JV_IC1154532_KO0,32_KE33,59.htm?jl=1009535239452"
Lab Automation Engineer,Zifo,135000.0,"Cambridge, MA","https://www.glassdoor.com/job-listing/lab-automation-engineer-zifo-JV_IC1154545_KO0,23_KE24,28.htm?jl=1009563813938"
Python Developer,Amazee Global Ventures Inc,119600.0,"Boston, MA","https://www.glassdoor.com/job-listing/python-developer-amazee-global-ventures-inc-JV_IC1154532_KO0,16_KE17,43.htm?jl=1009558251841"
"ADMOH With Java, Javascript, SQL",Sonsoft Inc,78500.0,"Cambridge, MA","https://www.glassdoor.com/job-listing/admoh-with-java-javascript-sql-sonsoft-inc-JV_IC1154545_KO0,30_KE31,42.htm?jl=1008986487433"
IS Programmer/Analyst II Per Diem BWH Rheumatology,Brigham & Women's Hospital(BWH),,"Boston, MA","https://www.glassdoor.com/job-listing/is-programmer-analyst-ii-per-diem-bwh-rheumatology-brigham-women-s-hospital-bwh-JV_IC1154532_KO0,50_KE51,79.htm?jl=1009525212022"
Lead UI Developer,Amazee Global Ventures Inc,119600.0,"Boston, MA","https://www.glassdoor.com/job-listing/lead-ui-developer-amazee-global-ventures-inc-JV_IC1154532_KO0,17_KE18,44.htm?jl=1009540815631"
"Senior Software Engineer, Product Security",Klaviyo,190000.0,"Boston, MA","https://www.glassdoor.com/job-listing/senior-software-engineer-product-security-klaviyo-JV_IC1154532_KO0,41_KE42,49.htm?jl=1009367934151"
.Principal Backend Engineer - Distributed Systems,Context Labs,194500.0,"Cambridge, MA","https://www.glassdoor.com/job-listing/principal-backend-engineer-distributed-systems-context-labs-JV_IC1154545_KO0,46_KE47,59.htm?jl=1009530268841"
Google Cloud GenAI Developer,Accenture,,"Boston, MA","https://www.glassdoor.com/job-listing/google-cloud-genai-developer-accenture-JV_IC1154532_KO0,28_KE29,38.htm?jl=1009509509758"
DevOps Architect,Link Soft Technologies,140000.0,"Boston, MA","https://www.glassdoor.com/job-listing/devops-architect-link-soft-technologies-JV_IC1154532_KO0,16_KE17,39.htm?jl=1009561708431"
Senior DevOps 2nd Round 2020,VASS IT,92000.0,"Boston, MA","https://www.glassdoor.com/job-listing/senior-devops-2nd-round-2020-vass-it-JV_IC1154532_KO0,28_KE29,36.htm?jl=1009348593402"
Senior .NET Developer - SD24-17701,NavitsPartners,93000.0,"Boston, MA","https://www.glassdoor.com/job-listing/senior-net-developer-sd24-17701-navitspartners-JV_IC1154532_KO0,31_KE32,46.htm?jl=1009561740139"
Salesforce EUC Developer Specialist - Resources,Accenture,,"Boston, MA","https://www.glassdoor.com/job-listing/salesforce-euc-developer-specialist-resources-accenture-JV_IC1154532_KO0,45_KE46,55.htm?jl=1009454675904"
Principal Application Development Lead (LIMS) / Lead IS Engineer - 5225,Verista,122500.0,"Boston, MA","https://www.glassdoor.com/job-listing/principal-application-development-lead-lims-lead-is-engineer-5225-verista-JV_IC1154532_KO0,65_KE66,73.htm?jl=1009509308272"
DevOps (Techno-Functional) ( USC & GC ONLY ),Sonsoft Inc,,"Boston, MA","https://www.glassdoor.com/job-listing/devops-techno-functional-usc-gc-only-sonsoft-inc-JV_IC1154532_KO0,36_KE37,48.htm?jl=1008985339166"
GCP DevOps Engineer,Accenture,,"Boston, MA","https://www.glassdoor.com/job-listing/gcp-devops-engineer-accenture-JV_IC1154532_KO0,19_KE20,29.htm?jl=1009414522745"
